{"stats":{"minecraft:crafted":{"minecraft:wooden_sword":1,"minecraft:wooden_shovel":1,"minecraft:wooden_hoe":1,"minecraft:crafting_table":1,"minecraft:stick":24,"biomesoplenty:redwood_planks":208,"minecraft:wooden_pickaxe":1,"minecraft:stone_pickaxe":1,"minecraft:wooden_axe":2,"minecraft:furnace":1,"minecraft:cooked_mutton":3},"minecraft:broken":{"minecraft:wooden_axe":1},"minecraft:killed":{"minecraft:sheep":2,"minecraft:pig":4,"minecraft:zombie":2,"minecraft:cow":9},"minecraft:picked_up":{"minecraft:raw_iron":1,"minecraft:stick":8,"minecraft:crafting_table":1,"minecraft:andesite":4,"minecraft:leather":10,"minecraft:porkchop":10,"minecraft:white_bed":1,"minecraft:dirt":2,"minecraft:rotten_flesh":1,"minecraft:soul_lantern":1,"minecraft:beef":19,"minecraft:gray_wool":1,"biomesoplenty:redwood_sapling":18,"biomesoplenty:redwood_wood":169,"minecraft:coal":20,"minecraft:mutton":3,"minecraft:white_wool":1,"minecraft:cobblestone":55},"minecraft:mined":{"minecraft:iron_ore":1,"minecraft:andesite":4,"minecraft:soul_lantern":1,"treechop:chopped_log":1,"minecraft:grass":1,"biomesoplenty:clover":1,"minecraft:coal_ore":20,"minecraft:dirt":2,"minecraft:cobblestone":1,"minecraft:stone":44,"minecraft:fern":2},"minecraft:dropped":{"biomesoplenty:redwood_sapling":18,"minecraft:wooden_pickaxe":1,"slashblade:proudsoul_tiny":1},"minecraft:used":{"minecraft:cooked_mutton":3,"minecraft:wooden_axe":72,"minecraft:stone_pickaxe":69,"minecraft:wooden_pickaxe":4,"minecraft:cobblestone":35,"minecraft:crafting_table":1,"minecraft:furnace":1},"minecraft:custom":{"minecraft:time_since_rest":28542,"minecraft:interact_with_furnace":3,"minecraft:sprint_one_cm":39543,"minecraft:damage_taken":295,"minecraft:walk_one_cm":106013,"minecraft:mob_kills":17,"minecraft:drop":20,"minecraft:damage_dealt":1943,"minecraft:interact_with_crafting_table":8,"minecraft:fly_one_cm":27099,"minecraft:crouch_one_cm":626,"minecraft:play_time":28542,"minecraft:sneak_time":379,"minecraft:jump":363,"minecraft:time_since_death":28542,"minecraft:total_world_time":28542,"minecraft:fall_one_cm":6515}},"DataVersion":3465}