{"stats":{"minecraft:broken":{"minecraft:stone_pickaxe":1,"minecraft:wooden_axe":2},"minecraft:killed":{"minecraft:pig":5,"irons_spellbooks:summoned_zombie":2,"minecraft:spider":1,"minecraft:skeleton":6,"minecraft:sheep":3,"minecraft:pillager":1,"minecraft:zombie":13,"minecraft:cow":9},"minecraft:custom":{"minecraft:interact_with_smithing_table":1,"minecraft:interact_with_furnace":28,"minecraft:mob_kills":41,"minecraft:interact_with_crafting_table":17,"minecraft:open_barrel":6,"minecraft:leave_game":1,"minecraft:time_since_death":95054,"minecraft:sleep_in_bed":4,"minecraft:time_since_rest":6922,"minecraft:sprint_one_cm":182728,"minecraft:damage_taken":1173,"minecraft:walk_one_cm":349113,"minecraft:damage_blocked_by_shield":440,"minecraft:drop":37,"minecraft:damage_dealt":5615,"minecraft:swim_one_cm":2783,"minecraft:fly_one_cm":83654,"minecraft:open_chest":7,"minecraft:crouch_one_cm":626,"minecraft:play_time":95054,"minecraft:sneak_time":507,"minecraft:walk_under_water_one_cm":1684,"minecraft:jump":1114,"minecraft:walk_on_water_one_cm":6725,"minecraft:total_world_time":95054,"minecraft:fall_one_cm":17948},"minecraft:picked_up":{"minecraft:crafting_table":2,"minecraft:andesite":9,"minecraft:leather":10,"minecraft:wooden_pickaxe":1,"minecraft:mushroom_stew":3,"minecraft:shield":1,"minecraft:dirt":11,"minecraft:string":2,"minecraft:white_banner":2,"minecraft:iron_leggings":1,"biomesoplenty:tall_lavender":1,"minecraft:bone":7,"minecraft:wheat_seeds":1,"minecraft:beef":19,"biomesoplenty:redwood_wood":169,"minecraft:furnace":1,"minecraft:iron_boots":1,"minecraft:stick":8,"minecraft:raw_iron":41,"minecraft:gravel":1,"minecraft:porkchop":13,"minecraft:diorite":19,"minecraft:white_bed":6,"minecraft:spider_eye":1,"minecraft:arrow":9,"minecraft:rotten_flesh":7,"minecraft:soul_lantern":1,"minecraft:iron_helmet":1,"minecraft:granite":14,"minecraft:gray_wool":1,"biomesoplenty:redwood_sapling":18,"minecraft:mutton":5,"minecraft:coal":33,"minecraft:white_wool":2,"minecraft:cobblestone":159},"minecraft:mined":{"minecraft:white_bed":6,"minecraft:soul_lantern":1,"minecraft:crafting_table":1,"minecraft:granite":12,"minecraft:grass_block":4,"minecraft:campfire":1,"minecraft:cobblestone":7,"minecraft:diorite":20,"minecraft:spawner":1,"biomesoplenty:tall_lavender":1,"minecraft:furnace":1,"minecraft:iron_ore":40,"minecraft:andesite":13,"minecraft:birch_leaves":1,"treechop:chopped_log":1,"minecraft:azure_bluet":1,"minecraft:grass":3,"biomesoplenty:clover":2,"minecraft:coal_ore":33,"minecraft:gravel":1,"minecraft:dirt":12,"minecraft:cobweb":1,"minecraft:white_banner":1,"minecraft:stone":138,"minecraft:fern":2},"minecraft:crafted":{"minecraft:cooked_beef":16,"minecraft:wooden_sword":1,"minecraft:wooden_shovel":1,"minecraft:cooked_porkchop":5,"minecraft:crafting_table":3,"biomesoplenty:redwood_planks":208,"minecraft:wooden_pickaxe":1,"minecraft:iron_sword":1,"minecraft:furnace":3,"minecraft:cooked_mutton":3,"minecraft:iron_chestplate":1,"minecraft:wooden_hoe":1,"minecraft:shield":1,"minecraft:iron_axe":1,"minecraft:stick":24,"minecraft:iron_ingot":17,"minecraft:iron_pickaxe":1,"minecraft:stone_pickaxe":1,"minecraft:wooden_axe":2,"minecraft:torch":12},"minecraft:used":{"minecraft:cooked_mutton":3,"minecraft:stone_pickaxe":132,"minecraft:wooden_pickaxe":4,"minecraft:shield":16,"minecraft:iron_sword":98,"minecraft:torch":7,"minecraft:mutton":1,"minecraft:crafting_table":5,"minecraft:mushroom_stew":3,"minecraft:white_bed":5,"minecraft:wooden_axe":78,"minecraft:wooden_hoe":1,"minecraft:iron_axe":32,"minecraft:iron_pickaxe":151,"minecraft:cobblestone":84,"minecraft:white_banner":1,"minecraft:furnace":4,"minecraft:cooked_porkchop":5,"minecraft:andesite":1,"minecraft:cooked_beef":8},"minecraft:dropped":{"biomesoplenty:redwood_sapling":18,"minecraft:rotten_flesh":7,"minecraft:cobblestone":2,"minecraft:granite":14,"minecraft:dirt":10,"minecraft:gray_wool":1,"minecraft:andesite":8,"minecraft:spider_eye":1,"minecraft:wooden_pickaxe":2,"minecraft:string":1,"biomesoplenty:tall_lavender":1,"minecraft:white_wool":1,"slashblade:proudsoul_tiny":1}},"DataVersion":3465}