{"stats":{"minecraft:broken":{"minecraft:stone_pickaxe":1,"minecraft:wooden_axe":2},"minecraft:killed":{"minecraft:pig":22,"irons_spellbooks:summoned_zombie":2,"minecraft:vindicator":1,"minecraft:spider":1,"minecraft:skeleton":6,"minecraft:sheep":4,"minecraft:pillager":4,"irons_spellbooks:summoned_vex":1,"minecraft:zombie":13,"minecraft:skeleton_horse":1,"minecraft:cow":16},"minecraft:custom":{"minecraft:interact_with_smithing_table":1,"minecraft:interact_with_furnace":53,"minecraft:mob_kills":72,"minecraft:interact_with_crafting_table":25,"minecraft:open_barrel":7,"minecraft:leave_game":2,"minecraft:time_since_death":0,"minecraft:sleep_in_bed":9,"minecraft:climb_one_cm":3970,"minecraft:time_since_rest":321,"minecraft:sprint_one_cm":328227,"minecraft:damage_taken":2893,"minecraft:walk_one_cm":553868,"minecraft:damage_blocked_by_shield":1430,"minecraft:drop":61,"minecraft:damage_dealt":9666,"minecraft:swim_one_cm":13169,"minecraft:fly_one_cm":126113,"minecraft:open_chest":17,"minecraft:crouch_one_cm":1295,"minecraft:play_time":152681,"minecraft:deaths":1,"minecraft:boat_one_cm":77059,"minecraft:sneak_time":857,"minecraft:walk_under_water_one_cm":13551,"minecraft:jump":1643,"minecraft:walk_on_water_one_cm":10732,"minecraft:total_world_time":152681,"minecraft:fall_one_cm":28507},"minecraft:picked_up":{"minecraft:birch_log":5,"minecraft:crafting_table":4,"minecraft:andesite":9,"minecraft:leather":16,"minecraft:wooden_pickaxe":1,"minecraft:mushroom_stew":3,"minecraft:shield":1,"minecraft:dirt":13,"minecraft:string":5,"minecraft:white_banner":3,"minecraft:iron_leggings":1,"biomesoplenty:tall_lavender":1,"minecraft:bone":11,"minecraft:wheat_seeds":3,"minecraft:beef":32,"biomesoplenty:redwood_wood":169,"minecraft:birch_sapling":8,"minecraft:furnace":4,"minecraft:iron_boots":1,"biomesoplenty:redwood_boat":1,"bakery:strawberry":14,"minecraft:stick":10,"minecraft:raw_iron":41,"sophisticatedbackpacks:backpack":1,"minecraft:torch":1,"minecraft:bowl":3,"minecraft:gravel":1,"minecraft:sand":114,"minecraft:porkchop":50,"minecraft:diorite":19,"minecraft:white_bed":12,"minecraft:spider_eye":1,"minecraft:arrow":9,"minecraft:rotten_flesh":7,"minecraft:soul_lantern":1,"minecraft:iron_helmet":1,"minecraft:granite":15,"minecraft:gray_wool":1,"biomesoplenty:redwood_sapling":18,"minecraft:mutton":7,"minecraft:coal":33,"minecraft:white_wool":4,"minecraft:cobblestone":161},"minecraft:mined":{"minecraft:white_bed":11,"minecraft:soul_lantern":1,"minecraft:crafting_table":3,"minecraft:granite":13,"bakery:wild_strawberries":7,"minecraft:grass_block":5,"minecraft:campfire":1,"minecraft:cobblestone":9,"minecraft:diorite":20,"minecraft:wall_torch":1,"minecraft:spawner":2,"biomesoplenty:tall_lavender":1,"minecraft:furnace":4,"minecraft:fire":8,"minecraft:iron_ore":40,"minecraft:andesite":13,"minecraft:birch_leaves":2,"treechop:chopped_log":2,"minecraft:bee_nest":1,"minecraft:azure_bluet":1,"minecraft:grass":6,"biomesoplenty:clover":4,"minecraft:coal_ore":33,"minecraft:sand":36,"minecraft:black_candle":1,"graveyard:leaning_skeleton":1,"minecraft:gravel":1,"minecraft:dirt":12,"minecraft:cobweb":2,"minecraft:white_banner":2,"minecraft:stone":145,"minecraft:oak_leaves":7,"minecraft:fern":2},"minecraft:crafted":{"minecraft:cooked_beef":29,"minecraft:wooden_sword":1,"minecraft:wooden_shovel":1,"minecraft:stone_shovel":1,"minecraft:cooked_porkchop":14,"minecraft:crafting_table":5,"biomesoplenty:redwood_planks":208,"minecraft:wooden_pickaxe":1,"minecraft:iron_sword":1,"minecraft:furnace":6,"minecraft:bone_meal":96,"minecraft:birch_planks":20,"minecraft:cooked_mutton":5,"biomesoplenty:redwood_boat":1,"minecraft:iron_chestplate":1,"minecraft:wooden_hoe":1,"minecraft:shield":1,"minecraft:iron_axe":1,"minecraft:stick":24,"minecraft:iron_ingot":17,"minecraft:iron_pickaxe":1,"minecraft:stone_pickaxe":1,"minecraft:wooden_axe":2,"minecraft:torch":12},"minecraft:used":{"minecraft:cooked_mutton":5,"minecraft:flint_and_steel":2,"minecraft:birch_planks":13,"minecraft:stone_shovel":35,"minecraft:stone_pickaxe":132,"minecraft:wooden_pickaxe":4,"minecraft:shield":34,"minecraft:iron_sword":120,"minecraft:torch":7,"minecraft:sand":20,"minecraft:mutton":1,"minecraft:crafting_table":9,"minecraft:mushroom_stew":3,"minecraft:white_bed":11,"minecraft:wooden_axe":78,"minecraft:wooden_hoe":1,"minecraft:iron_axe":126,"minecraft:iron_pickaxe":168,"biomesoplenty:redwood_boat":2,"minecraft:cobblestone":103,"minecraft:white_banner":2,"minecraft:furnace":9,"minecraft:cooked_porkchop":7,"minecraft:andesite":1,"minecraft:cooked_beef":27},"minecraft:dropped":{"minecraft:wheat_seeds":2,"minecraft:cooked_beef":2,"biomesoplenty:redwood_sapling":18,"minecraft:bowl":6,"minecraft:cooked_porkchop":2,"minecraft:birch_sapling":8,"minecraft:soul_lantern":1,"bakery:strawberry":14,"minecraft:rotten_flesh":7,"minecraft:cobblestone":2,"minecraft:leather":10,"minecraft:granite":14,"minecraft:dirt":12,"minecraft:gray_wool":1,"minecraft:andesite":8,"minecraft:spider_eye":1,"minecraft:iron_axe":1,"minecraft:wooden_pickaxe":2,"minecraft:string":5,"biomesoplenty:tall_lavender":1,"minecraft:white_wool":3,"slashblade:proudsoul_tiny":1}},"DataVersion":3465}