{"stats":{"minecraft:broken":{"minecraft:stone_pickaxe":1,"minecraft:wooden_axe":2},"minecraft:killed":{"irons_spellbooks:summoned_zombie":2,"minecraft:spider":1,"minecraft:vindicator":1,"minecraft:skeleton":6,"minecraft:skeleton_horse":1,"minecraft:pig":22,"minecraft:sheep":4,"minecraft:pillager":4,"irons_spellbooks:summoned_vex":1,"minecraft:zombie":14,"mca:male_villager":1,"mca:female_villager":1,"minecraft:cow":22},"minecraft:custom":{"minecraft:interact_with_smithing_table":1,"minecraft:mob_kills":81,"minecraft:interact_with_crafting_table":25,"minecraft:open_barrel":7,"minecraft:leave_game":3,"minecraft:time_since_death":21070,"minecraft:climb_one_cm":3970,"minecraft:sprint_one_cm":383049,"minecraft:walk_one_cm":637056,"minecraft:damage_blocked_by_shield":1430,"minecraft:drop":78,"minecraft:play_time":174051,"minecraft:deaths":1,"minecraft:sneak_time":877,"minecraft:walk_under_water_one_cm":16138,"minecraft:boat_one_cm":142290,"minecraft:jump":1908,"minecraft:walk_on_water_one_cm":12754,"minecraft:total_world_time":174051,"minecraft:interact_with_furnace":56,"minecraft:sleep_in_bed":10,"minecraft:time_since_rest":13157,"minecraft:damage_taken":3211,"minecraft:damage_dealt":10966,"minecraft:swim_one_cm":19938,"minecraft:fly_one_cm":141524,"minecraft:open_chest":21,"minecraft:crouch_one_cm":1346,"minecraft:fall_one_cm":33700},"minecraft:picked_up":{"minecraft:crafting_table":4,"minecraft:wooden_pickaxe":1,"minecraft:shield":1,"minecraft:string":5,"biomesoplenty:tall_lavender":1,"minecraft:iron_leggings":1,"minecraft:iron_shovel":1,"minecraft:beef":34,"biomesoplenty:redwood_wood":169,"minecraft:birch_sapling":8,"minecraft:furnace":5,"minecraft:iron_boots":1,"minecraft:stick":10,"minecraft:raw_iron":41,"biomesoplenty:redwood_boat":2,"minecraft:torch":1,"minecraft:bowl":3,"sophisticatedbackpacks:backpack":1,"minecraft:porkchop":50,"minecraft:diorite":19,"minecraft:arrow":9,"minecraft:rotten_flesh":10,"biomesoplenty:redwood_sapling":18,"minecraft:mutton":7,"minecraft:white_wool":4,"minecraft:cobblestone":174,"minecraft:birch_log":5,"minecraft:andesite":9,"minecraft:leather":24,"minecraft:mushroom_stew":3,"minecraft:dirt":17,"minecraft:white_banner":3,"minecraft:bone":11,"minecraft:wheat_seeds":4,"bakery:strawberry":14,"minecraft:cooked_porkchop":1,"minecraft:quartz":19,"minecraft:gravel":1,"minecraft:sand":130,"minecraft:white_bed":14,"minecraft:spider_eye":1,"minecraft:soul_lantern":1,"minecraft:iron_helmet":1,"minecraft:granite":15,"minecraft:gray_wool":1,"minecraft:coal":33},"minecraft:mined":{"minecraft:white_bed":13,"gravestone:gravestone":1,"minecraft:granite":13,"minecraft:grass_block":7,"minecraft:spawner":2,"biomesoplenty:tall_lavender":1,"minecraft:furnace":5,"minecraft:iron_ore":40,"minecraft:fire":21,"minecraft:andesite":13,"treechop:chopped_log":2,"minecraft:azure_bluet":1,"minecraft:black_candle":1,"minecraft:white_banner":2,"minecraft:stone":149,"minecraft:soul_lantern":1,"minecraft:powder_snow":8,"minecraft:crafting_table":3,"bakery:wild_strawberries":7,"minecraft:campfire":1,"minecraft:tall_grass":2,"minecraft:cobblestone":9,"minecraft:diorite":20,"minecraft:wall_torch":1,"minecraft:birch_leaves":2,"minecraft:bee_nest":1,"minecraft:grass":10,"biomesoplenty:clover":4,"minecraft:coal_ore":33,"graveyard:leaning_skeleton":1,"minecraft:gravel":1,"minecraft:sand":36,"minecraft:dirt":14,"minecraft:cobweb":2,"minecraft:oak_leaves":7,"minecraft:fern":5},"minecraft:crafted":{"minecraft:wooden_sword":1,"minecraft:stone_shovel":1,"minecraft:furnace":6,"minecraft:bone_meal":96,"minecraft:cooked_mutton":5,"minecraft:iron_axe":1,"minecraft:stone_pickaxe":1,"minecraft:cooked_beef":29,"minecraft:wooden_shovel":1,"minecraft:cooked_porkchop":17,"minecraft:crafting_table":5,"biomesoplenty:redwood_planks":208,"minecraft:wooden_pickaxe":1,"minecraft:iron_sword":1,"minecraft:birch_planks":20,"biomesoplenty:redwood_boat":1,"minecraft:iron_chestplate":1,"minecraft:wooden_hoe":1,"minecraft:shield":1,"minecraft:stick":24,"minecraft:iron_ingot":17,"minecraft:iron_pickaxe":1,"minecraft:wooden_axe":2,"minecraft:torch":12},"minecraft:used":{"minecraft:flint_and_steel":2,"minecraft:stone_shovel":43,"minecraft:shield":34,"minecraft:iron_sword":138,"minecraft:torch":7,"minecraft:mutton":1,"minecraft:wooden_axe":78,"minecraft:iron_axe":151,"biomesoplenty:redwood_boat":2,"minecraft:furnace":10,"minecraft:cooked_beef":27,"minecraft:cooked_mutton":5,"minecraft:birch_planks":13,"minecraft:stone_pickaxe":132,"minecraft:wooden_pickaxe":4,"minecraft:sand":29,"minecraft:crafting_table":9,"minecraft:mushroom_stew":3,"minecraft:white_bed":13,"minecraft:wooden_hoe":1,"minecraft:iron_pickaxe":173,"minecraft:cobblestone":103,"minecraft:white_banner":2,"minecraft:cooked_porkchop":12,"minecraft:andesite":1},"minecraft:dropped":{"minecraft:porkchop":8,"minecraft:wheat_seeds":4,"minecraft:cooked_beef":2,"minecraft:cooked_porkchop":5,"minecraft:cobblestone":2,"bakery:strawberry":14,"minecraft:leather":10,"minecraft:granite":14,"minecraft:saddle":1,"minecraft:dirt":12,"minecraft:gray_wool":1,"minecraft:iron_axe":1,"minecraft:string":5,"minecraft:white_wool":3,"biomesoplenty:redwood_sapling":18,"minecraft:bowl":6,"minecraft:birch_sapling":8,"minecraft:soul_lantern":1,"minecraft:rotten_flesh":9,"minecraft:andesite":8,"minecraft:spider_eye":1,"minecraft:wooden_pickaxe":2,"minecraft:quartz":38,"biomesoplenty:tall_lavender":1,"slashblade:proudsoul_tiny":1}},"DataVersion":3465}