{"stats":{"minecraft:crafted":{"minecraft:cooked_beef":3,"minecraft:wooden_sword":1,"minecraft:wooden_shovel":1,"minecraft:cooked_porkchop":5,"minecraft:crafting_table":2,"biomesoplenty:redwood_planks":208,"minecraft:wooden_pickaxe":1,"minecraft:iron_sword":1,"minecraft:furnace":2,"minecraft:cooked_mutton":3,"minecraft:iron_chestplate":1,"minecraft:wooden_hoe":1,"minecraft:shield":1,"minecraft:iron_axe":1,"minecraft:stick":24,"minecraft:iron_ingot":17,"minecraft:iron_pickaxe":1,"minecraft:stone_pickaxe":1,"minecraft:wooden_axe":2,"minecraft:torch":12},"minecraft:broken":{"minecraft:wooden_axe":2},"minecraft:killed":{"minecraft:pig":4,"minecraft:skeleton":2,"minecraft:sheep":2,"minecraft:zombie":3,"minecraft:cow":9},"minecraft:picked_up":{"minecraft:crafting_table":2,"minecraft:andesite":4,"minecraft:leather":10,"minecraft:wooden_pickaxe":1,"minecraft:dirt":2,"minecraft:iron_leggings":1,"minecraft:bone":3,"minecraft:beef":19,"biomesoplenty:redwood_wood":169,"minecraft:furnace":1,"minecraft:stick":8,"minecraft:raw_iron":6,"minecraft:porkchop":10,"minecraft:white_bed":2,"minecraft:arrow":2,"minecraft:rotten_flesh":1,"minecraft:soul_lantern":1,"minecraft:granite":2,"minecraft:gray_wool":1,"biomesoplenty:redwood_sapling":18,"minecraft:mutton":3,"minecraft:coal":33,"minecraft:white_wool":1,"minecraft:cobblestone":73},"minecraft:mined":{"minecraft:white_bed":1,"minecraft:soul_lantern":1,"minecraft:crafting_table":1,"minecraft:granite":2,"minecraft:cobblestone":2,"minecraft:furnace":1,"minecraft:iron_ore":5,"minecraft:andesite":4,"treechop:chopped_log":1,"minecraft:grass":1,"biomesoplenty:clover":2,"minecraft:coal_ore":33,"minecraft:dirt":2,"minecraft:stone":60,"minecraft:fern":2},"minecraft:dropped":{"biomesoplenty:redwood_sapling":18,"minecraft:wooden_pickaxe":1,"slashblade:proudsoul_tiny":1},"minecraft:custom":{"minecraft:interact_with_furnace":21,"minecraft:mob_kills":20,"minecraft:interact_with_crafting_table":15,"minecraft:open_barrel":3,"minecraft:time_since_death":52542,"minecraft:sleep_in_bed":1,"minecraft:time_since_rest":18539,"minecraft:sprint_one_cm":71546,"minecraft:damage_taken":575,"minecraft:walk_one_cm":176228,"minecraft:damage_blocked_by_shield":140,"minecraft:drop":20,"minecraft:damage_dealt":2441,"minecraft:fly_one_cm":39170,"minecraft:crouch_one_cm":626,"minecraft:play_time":52542,"minecraft:sneak_time":470,"minecraft:walk_under_water_one_cm":185,"minecraft:jump":527,"minecraft:walk_on_water_one_cm":3251,"minecraft:total_world_time":52542,"minecraft:fall_one_cm":10269},"minecraft:used":{"minecraft:cooked_mutton":3,"minecraft:stone_pickaxe":107,"minecraft:wooden_pickaxe":4,"minecraft:shield":5,"minecraft:iron_sword":3,"minecraft:torch":2,"minecraft:crafting_table":4,"minecraft:white_bed":1,"minecraft:wooden_axe":78,"minecraft:wooden_hoe":1,"minecraft:cobblestone":35,"minecraft:furnace":3,"minecraft:cooked_porkchop":2,"minecraft:andesite":1,"minecraft:cooked_beef":3}},"DataVersion":3465}