{"stats":{"minecraft:crafted":{"minecraft:cooked_beef":3,"minecraft:wooden_sword":1,"minecraft:wooden_shovel":1,"minecraft:cooked_porkchop":5,"minecraft:crafting_table":2,"biomesoplenty:redwood_planks":208,"minecraft:wooden_pickaxe":1,"minecraft:iron_sword":1,"minecraft:furnace":2,"minecraft:cooked_mutton":3,"minecraft:iron_chestplate":1,"minecraft:wooden_hoe":1,"minecraft:shield":1,"minecraft:iron_axe":1,"minecraft:stick":24,"minecraft:iron_ingot":17,"minecraft:iron_pickaxe":1,"minecraft:stone_pickaxe":1,"minecraft:wooden_axe":2,"minecraft:torch":12},"minecraft:broken":{"minecraft:stone_pickaxe":1,"minecraft:wooden_axe":2},"minecraft:killed":{"minecraft:pig":4,"irons_spellbooks:summoned_zombie":2,"minecraft:spider":1,"minecraft:skeleton":5,"minecraft:sheep":2,"minecraft:zombie":13,"minecraft:cow":9},"minecraft:picked_up":{"minecraft:crafting_table":2,"minecraft:andesite":9,"minecraft:leather":10,"minecraft:wooden_pickaxe":1,"minecraft:mushroom_stew":3,"minecraft:shield":1,"minecraft:string":1,"minecraft:dirt":10,"minecraft:iron_leggings":1,"minecraft:bone":7,"minecraft:beef":19,"biomesoplenty:redwood_wood":169,"minecraft:iron_boots":1,"minecraft:furnace":1,"minecraft:stick":8,"minecraft:raw_iron":41,"minecraft:gravel":1,"minecraft:porkchop":10,"minecraft:diorite":19,"minecraft:white_bed":4,"minecraft:spider_eye":1,"minecraft:arrow":8,"minecraft:rotten_flesh":7,"minecraft:soul_lantern":1,"minecraft:iron_helmet":1,"minecraft:granite":14,"minecraft:gray_wool":1,"biomesoplenty:redwood_sapling":18,"minecraft:mutton":3,"minecraft:coal":33,"minecraft:white_wool":1,"minecraft:cobblestone":159},"minecraft:mined":{"minecraft:white_bed":3,"minecraft:soul_lantern":1,"minecraft:crafting_table":1,"minecraft:granite":12,"minecraft:grass_block":4,"minecraft:cobblestone":7,"minecraft:diorite":20,"minecraft:spawner":1,"minecraft:furnace":1,"minecraft:iron_ore":40,"minecraft:andesite":13,"treechop:chopped_log":1,"minecraft:azure_bluet":1,"minecraft:grass":3,"biomesoplenty:clover":2,"minecraft:coal_ore":33,"minecraft:gravel":1,"minecraft:dirt":12,"minecraft:stone":138,"minecraft:fern":2},"minecraft:dropped":{"biomesoplenty:redwood_sapling":18,"minecraft:cobblestone":2,"minecraft:rotten_flesh":7,"minecraft:granite":8,"minecraft:dirt":10,"minecraft:gray_wool":1,"minecraft:andesite":8,"minecraft:spider_eye":1,"minecraft:wooden_pickaxe":2,"minecraft:string":1,"minecraft:white_wool":1,"slashblade:proudsoul_tiny":1},"minecraft:used":{"minecraft:cooked_mutton":3,"minecraft:stone_pickaxe":132,"minecraft:wooden_pickaxe":4,"minecraft:shield":12,"minecraft:iron_sword":91,"minecraft:torch":7,"minecraft:crafting_table":4,"minecraft:mushroom_stew":3,"minecraft:white_bed":3,"minecraft:wooden_axe":78,"minecraft:wooden_hoe":1,"minecraft:iron_axe":27,"minecraft:iron_pickaxe":151,"minecraft:cobblestone":84,"minecraft:furnace":3,"minecraft:cooked_porkchop":5,"minecraft:andesite":1,"minecraft:cooked_beef":3},"minecraft:custom":{"minecraft:interact_with_smithing_table":1,"minecraft:interact_with_furnace":21,"minecraft:mob_kills":37,"minecraft:interact_with_crafting_table":16,"minecraft:open_barrel":6,"minecraft:time_since_death":76542,"minecraft:sleep_in_bed":3,"minecraft:time_since_rest":2413,"minecraft:sprint_one_cm":103196,"minecraft:damage_taken":1153,"minecraft:walk_one_cm":274917,"minecraft:damage_blocked_by_shield":325,"minecraft:drop":35,"minecraft:damage_dealt":5380,"minecraft:fly_one_cm":47715,"minecraft:open_chest":5,"minecraft:crouch_one_cm":626,"minecraft:play_time":76542,"minecraft:sneak_time":487,"minecraft:walk_under_water_one_cm":185,"minecraft:jump":853,"minecraft:walk_on_water_one_cm":3251,"minecraft:total_world_time":76542,"minecraft:fall_one_cm":13764}},"DataVersion":3465}