{"stats":{"minecraft:used":{"minecraft:flint_and_steel":2,"minecraft:stone_shovel":43,"minecraft:chest":8,"minecraft:shield":59,"minecraft:iron_sword":177,"vanillaplustools:stone_hammer":12,"minecraft:torch":22,"minecraft:mutton":1,"minecraft:wooden_axe":78,"minecraft:iron_axe":431,"biomesoplenty:redwood_boat":2,"minecraft:golden_carrot":14,"minecraft:furnace":12,"minecraft:cooked_beef":27,"minecraft:cooked_mutton":5,"minecraft:water_bucket":2,"minecraft:birch_planks":13,"minecraft:stone_pickaxe":237,"minecraft:baked_potato":64,"minecraft:wooden_pickaxe":4,"minecraft:diamond_axe":299,"minecraft:golden_apple":2,"minecraft:sand":30,"minecraft:crafting_table":11,"minecraft:mushroom_stew":3,"minecraft:white_bed":14,"minecraft:wooden_hoe":1,"minecraft:iron_pickaxe":335,"minecraft:diamond_sword":158,"minecraft:cobblestone":204,"minecraft:bucket":2,"minecraft:white_banner":2,"minecraft:cooked_porkchop":32,"minecraft:andesite":1,"minecraft:experience_bottle":2,"minecraft:bone_meal":2},"minecraft:killed_by":{"minecraft:player":1},"minecraft:mined":{"minecraft:dark_oak_planks":3,"minecraft:dark_prismarine":6,"minecraft:spruce_planks":29,"minecraft:white_bed":13,"gravestone:gravestone":5,"minecraft:granite":14,"minecraft:spruce_fence":4,"minecraft:grass_block":9,"minecraft:spawner":14,"biomesoplenty:tall_lavender":1,"minecraft:furnace":6,"minecraft:carrots":3,"minecraft:iron_ore":44,"minecraft:fire":28,"minecraft:andesite":13,"treechop:chopped_log":2,"minecraft:azure_bluet":2,"minecraft:bookshelf":1,"minecraft:black_candle":1,"minecraft:white_banner":2,"minecraft:stone":293,"minecraft:soul_lantern":1,"minecraft:powder_snow":8,"minecraft:crafting_table":3,"minecraft:cornflower":1,"bakery:wild_strawberries":7,"minecraft:melon":1,"minecraft:campfire":1,"minecraft:tall_grass":2,"minecraft:cobblestone":36,"biomesoplenty:huge_clover_petal":9,"minecraft:diorite":20,"minecraft:wall_torch":2,"minecraft:birch_leaves":2,"minecraft:bee_nest":1,"minecraft:grass":15,"biomesoplenty:clover":16,"minecraft:coal_ore":89,"minecraft:cyan_carpet":5,"minecraft:smooth_quartz":28,"graveyard:leaning_skeleton":1,"minecraft:gravel":1,"minecraft:sand":36,"minecraft:dirt":17,"minecraft:cobweb":10,"minecraft:oak_leaves":7,"minecraft:fern":5},"minecraft:custom":{"minecraft:interact_with_smithing_table":1,"minecraft:mob_kills":140,"minecraft:inspect_hopper":2,"minecraft:interact_with_crafting_table":35,"minecraft:open_barrel":7,"minecraft:damage_dealt_resisted":4636,"minecraft:leave_game":4,"minecraft:time_since_death":6003,"minecraft:climb_one_cm":7317,"minecraft:sprint_one_cm":648028,"minecraft:walk_one_cm":1125475,"minecraft:damage_blocked_by_shield":2233,"minecraft:drop":84,"minecraft:play_noteblock":2,"minecraft:play_time":305844,"minecraft:deaths":6,"minecraft:sneak_time":3144,"minecraft:walk_under_water_one_cm":36224,"minecraft:boat_one_cm":142290,"minecraft:jump":3455,"minecraft:walk_on_water_one_cm":29260,"minecraft:total_world_time":305844,"minecraft:interact_with_furnace":63,"minecraft:sleep_in_bed":11,"minecraft:time_since_rest":6065,"minecraft:waystone_activated":3,"minecraft:damage_taken":11256,"minecraft:damage_absorbed":44,"minecraft:damage_dealt":35089,"minecraft:player_kills":3,"minecraft:swim_one_cm":20886,"minecraft:fly_one_cm":288460,"minecraft:open_chest":56,"minecraft:crouch_one_cm":6274,"minecraft:fall_one_cm":57870,"minecraft:horse_one_cm":27679},"minecraft:killed":{"minecraft:cave_spider":7,"irons_spellbooks:summoned_zombie":2,"minecraft:spider":5,"minecraft:vindicator":1,"minecraft:skeleton":8,"minecraft:skeleton_horse":1,"minecraft:pig":22,"irons_spellbooks:necromancer":1,"minecraft:sheep":4,"minecraft:pillager":6,"irons_spellbooks:summoned_vex":1,"minecraft:zombie":15,"mca:male_villager":1,"mca:female_villager":2,"minecraft:wither_skeleton":40,"minecraft:cow":23},"minecraft:crafted":{"minecraft:wooden_sword":1,"minecraft:stone_shovel":1,"minecraft:furnace":6,"minecraft:bone_meal":96,"minecraft:cooked_mutton":5,"minecraft:iron_axe":3,"minecraft:stone_pickaxe":2,"minecraft:chest":8,"minecraft:cooked_beef":29,"minecraft:wooden_shovel":1,"minecraft:cooked_porkchop":17,"minecraft:diamond_axe":1,"minecraft:crafting_table":7,"biomesoplenty:redwood_planks":276,"minecraft:wooden_pickaxe":1,"minecraft:iron_sword":1,"minecraft:birch_planks":20,"biomesoplenty:redwood_boat":1,"minecraft:iron_chestplate":1,"minecraft:wooden_hoe":1,"minecraft:shield":3,"minecraft:stick":44,"minecraft:iron_ingot":36,"minecraft:iron_pickaxe":2,"minecraft:wooden_axe":2,"minecraft:torch":32},"minecraft:dropped":{"minecraft:iron_sword":1,"minecraft:porkchop":8,"minecraft:wheat_seeds":4,"minecraft:cooked_beef":2,"minecraft:baked_potato":2,"minecraft:cooked_porkchop":5,"minecraft:cobblestone":2,"bakery:strawberry":14,"minecraft:leather":10,"minecraft:granite":14,"minecraft:saddle":1,"minecraft:dirt":12,"minecraft:gray_wool":1,"minecraft:sand":46,"minecraft:iron_axe":1,"minecraft:string":5,"minecraft:white_wool":3,"biomesoplenty:redwood_sapling":18,"minecraft:bowl":6,"minecraft:birch_sapling":8,"minecraft:soul_lantern":1,"minecraft:rotten_flesh":9,"minecraft:andesite":8,"minecraft:spider_eye":4,"minecraft:wooden_pickaxe":2,"minecraft:quartz":38,"biomesoplenty:tall_lavender":1,"slashblade:proudsoul_tiny":1,"minecraft:water_bucket":1},"minecraft:picked_up":{"irons_spellbooks:scroll":1,"sophisticatedbackpacks:gold_backpack":1,"minecraft:crafting_table":4,"minecraft:diamond_sword":4,"minecraft:wooden_pickaxe":1,"minecraft:shield":1,"minecraft:cornflower":1,"minecraft:string":38,"biomesoplenty:tall_lavender":1,"minecraft:iron_leggings":1,"minecraft:iron_shovel":1,"minecraft:cyan_carpet":20,"irons_spellbooks:arcane_essence":1,"minecraft:spruce_planks":28,"minecraft:beef":35,"minecraft:iron_pickaxe":1,"minecraft:smooth_quartz":35,"biomesoplenty:redwood_wood":169,"minecraft:melon_slice":3,"minecraft:birch_sapling":8,"minecraft:furnace":6,"minecraft:iron_boots":1,"minecraft:stick":10,"minecraft:raw_iron":45,"biomesoplenty:redwood_boat":2,"minecraft:torch":6,"minecraft:bowl":3,"minecraft:spruce_fence":2,"sophisticatedbackpacks:backpack":1,"minecraft:porkchop":50,"minecraft:diorite":19,"minecraft:carrot":1,"minecraft:golden_chestplate":1,"minecraft:dark_oak_planks":2,"minecraft:arrow":13,"minecraft:rotten_flesh":11,"biomesoplenty:redwood_sapling":18,"minecraft:mutton":7,"minecraft:white_wool":4,"minecraft:cobblestone":340,"minecraft:birch_log":5,"minecraft:golden_carrot":4,"minecraft:water_bucket":1,"minecraft:andesite":9,"minecraft:leather":24,"minecraft:mushroom_stew":3,"minecraft:dirt":28,"minecraft:white_banner":3,"minecraft:bone":67,"minecraft:wheat_seeds":6,"minecraft:glowstone_dust":4,"minecraft:iron_sword":1,"minecraft:book":10,"bakery:strawberry":14,"minecraft:cooked_porkchop":2,"minecraft:quartz":19,"minecraft:gravel":1,"minecraft:sand":130,"minecraft:white_bed":14,"minecraft:spider_eye":12,"minecraft:dark_prismarine":7,"minecraft:diamond":2,"minecraft:soul_lantern":1,"minecraft:iron_helmet":1,"minecraft:granite":16,"vanillaplustools:stone_hammer":1,"minecraft:gray_wool":1,"minecraft:baked_potato":66,"minecraft:coal":97},"minecraft:broken":{"minecraft:iron_boots":1,"minecraft:iron_chestplate":1,"minecraft:iron_leggings":1,"minecraft:stone_pickaxe":1,"minecraft:iron_axe":2,"minecraft:iron_pickaxe":1,"minecraft:iron_helmet":1,"minecraft:wooden_axe":2}},"DataVersion":3465}