{"stats":{"minecraft:crafted":{"minecraft:wooden_sword":1,"minecraft:wooden_shovel":1,"minecraft:wooden_hoe":1,"minecraft:crafting_table":1,"minecraft:stick":24,"biomesoplenty:redwood_planks":208,"minecraft:wooden_pickaxe":1,"minecraft:stone_pickaxe":1,"minecraft:wooden_axe":2,"minecraft:furnace":1},"minecraft:broken":{"minecraft:wooden_axe":1},"minecraft:killed":{"minecraft:sheep":2,"minecraft:pig":2,"minecraft:zombie":2},"minecraft:picked_up":{"minecraft:stick":8,"minecraft:crafting_table":1,"minecraft:andesite":2,"minecraft:porkchop":5,"minecraft:rotten_flesh":1,"minecraft:gray_wool":1,"biomesoplenty:redwood_sapling":18,"biomesoplenty:redwood_wood":169,"minecraft:mutton":3,"minecraft:white_wool":1,"minecraft:cobblestone":18},"minecraft:mined":{"minecraft:andesite":2,"treechop:chopped_log":1,"minecraft:stone":18},"minecraft:dropped":{"biomesoplenty:redwood_sapling":18,"minecraft:wooden_pickaxe":1,"slashblade:proudsoul_tiny":1},"minecraft:used":{"minecraft:wooden_axe":44,"minecraft:stone_pickaxe":16,"minecraft:wooden_pickaxe":4,"minecraft:crafting_table":1},"minecraft:custom":{"minecraft:time_since_rest":16542,"minecraft:sprint_one_cm":9055,"minecraft:damage_taken":60,"minecraft:walk_one_cm":49806,"minecraft:mob_kills":6,"minecraft:drop":20,"minecraft:damage_dealt":738,"minecraft:interact_with_crafting_table":7,"minecraft:fly_one_cm":4675,"minecraft:play_time":16542,"minecraft:jump":115,"minecraft:time_since_death":16542,"minecraft:total_world_time":16542,"minecraft:fall_one_cm":1254}},"DataVersion":3465}