{"stats":{"minecraft:crafted":{"minecraft:cooked_beef":3,"minecraft:wooden_sword":1,"minecraft:wooden_shovel":1,"minecraft:wooden_hoe":1,"minecraft:shield":1,"minecraft:crafting_table":2,"minecraft:stick":24,"biomesoplenty:redwood_planks":208,"minecraft:iron_ingot":1,"minecraft:wooden_pickaxe":1,"minecraft:stone_pickaxe":1,"minecraft:wooden_axe":2,"minecraft:furnace":2,"minecraft:torch":12,"minecraft:cooked_mutton":3},"minecraft:broken":{"minecraft:wooden_axe":2},"minecraft:killed":{"minecraft:sheep":2,"minecraft:pig":4,"minecraft:zombie":3,"minecraft:skeleton":1,"minecraft:cow":9},"minecraft:picked_up":{"minecraft:raw_iron":6,"minecraft:stick":8,"minecraft:crafting_table":2,"minecraft:andesite":4,"minecraft:leather":10,"minecraft:wooden_pickaxe":1,"minecraft:porkchop":10,"minecraft:white_bed":2,"minecraft:dirt":2,"minecraft:bone":2,"minecraft:arrow":1,"minecraft:rotten_flesh":1,"minecraft:soul_lantern":1,"minecraft:beef":19,"minecraft:gray_wool":1,"biomesoplenty:redwood_sapling":18,"biomesoplenty:redwood_wood":169,"minecraft:coal":26,"minecraft:mutton":3,"minecraft:white_wool":1,"minecraft:cobblestone":65,"minecraft:furnace":1},"minecraft:mined":{"minecraft:white_bed":1,"minecraft:furnace":1,"minecraft:iron_ore":5,"minecraft:andesite":4,"minecraft:soul_lantern":1,"treechop:chopped_log":1,"minecraft:crafting_table":1,"minecraft:grass":1,"biomesoplenty:clover":2,"minecraft:coal_ore":26,"minecraft:dirt":2,"minecraft:cobblestone":1,"minecraft:stone":54,"minecraft:fern":2},"minecraft:dropped":{"biomesoplenty:redwood_sapling":18,"minecraft:wooden_pickaxe":1,"slashblade:proudsoul_tiny":1},"minecraft:used":{"minecraft:cooked_mutton":3,"minecraft:wooden_axe":78,"minecraft:stone_pickaxe":91,"minecraft:shield":3,"minecraft:wooden_pickaxe":4,"minecraft:cobblestone":35,"minecraft:crafting_table":3,"minecraft:furnace":2,"minecraft:white_bed":1,"minecraft:cooked_beef":2},"minecraft:custom":{"minecraft:time_since_rest":6539,"minecraft:interact_with_furnace":8,"minecraft:sprint_one_cm":49387,"minecraft:damage_taken":360,"minecraft:walk_one_cm":129542,"minecraft:damage_blocked_by_shield":85,"minecraft:mob_kills":19,"minecraft:drop":20,"minecraft:damage_dealt":2229,"minecraft:interact_with_crafting_table":11,"minecraft:fly_one_cm":30310,"minecraft:crouch_one_cm":626,"minecraft:play_time":40542,"minecraft:sneak_time":379,"minecraft:jump":430,"minecraft:time_since_death":40542,"minecraft:sleep_in_bed":1,"minecraft:total_world_time":40542,"minecraft:fall_one_cm":8488}},"DataVersion":3465}