{"stats":{"minecraft:custom":{"minecraft:jump":70,"minecraft:time_since_rest":7185,"minecraft:damage_dealt":3167,"minecraft:crouch_one_cm":632,"minecraft:leave_game":1,"minecraft:sprint_one_cm":3759,"minecraft:play_time":7185,"minecraft:damage_taken":50,"minecraft:time_since_death":7185,"minecraft:walk_one_cm":12326,"minecraft:sneak_time":233,"minecraft:total_world_time":7185,"minecraft:fall_one_cm":1859,"minecraft:fly_one_cm":64377},"minecraft:used":{"aquamirae:anglerfish_spawn_egg":1,"aquamirae:captain_cornelia_spawn_egg":1,"aquamirae:coral_lance":21}},"DataVersion":3465}