{"stats":{"minecraft:broken":{"minecraft:stone_pickaxe":1,"minecraft:stone_axe":1},"minecraft:killed":{"irons_spellbooks:summoned_zombie":1,"graveyard:skeleton_creeper":1,"minecraft:spider":1,"minecraft:creeper":4,"minecraft:skeleton":2,"minecraft:sheep":1,"minecraft:zombie":11,"minecraft:chicken":5,"minecraft:enderman":1,"minecraft:cow":7},"minecraft:custom":{"minecraft:interact_with_furnace":41,"minecraft:mob_kills":34,"minecraft:interact_with_crafting_table":22,"minecraft:interact_with_cartography_table":1,"minecraft:open_barrel":7,"minecraft:leave_game":4,"minecraft:time_since_death":94095,"minecraft:sleep_in_bed":4,"minecraft:time_since_rest":7630,"minecraft:waystone_activated":1,"minecraft:sprint_one_cm":44151,"minecraft:damage_taken":760,"minecraft:walk_one_cm":534689,"minecraft:damage_blocked_by_shield":45,"minecraft:drop":29,"minecraft:damage_dealt":5653,"minecraft:swim_one_cm":4398,"minecraft:fly_one_cm":143584,"minecraft:open_chest":6,"minecraft:crouch_one_cm":15491,"minecraft:play_time":94095,"minecraft:sneak_time":3508,"minecraft:walk_under_water_one_cm":3273,"minecraft:jump":1826,"minecraft:walk_on_water_one_cm":3681,"minecraft:total_world_time":94095,"minecraft:fall_one_cm":34414},"minecraft:picked_up":{"sophisticatedbackpacks:gold_backpack":3,"minecraft:crafting_table":4,"minecraft:feather":4,"minecraft:chicken":5,"minecraft:andesite":9,"minecraft:leather":6,"minecraft:gold_block":1,"minecraft:gunpowder":4,"minecraft:dirt":7,"minecraft:string":2,"minecraft:paper":30,"minecraft:bone":3,"minecraft:beef":13,"minecraft:cooked_chicken":1,"biomesoplenty:redwood_wood":31,"minecraft:furnace":3,"minecraft:egg":5,"minecraft:stick":2,"minecraft:raw_iron":67,"minecraft:torch":1,"minecraft:gravel":1,"minecraft:white_bed":5,"minecraft:grass_block":1,"biomesoplenty:redwood_planks":1,"minecraft:arrow":1,"minecraft:rotten_flesh":15,"waystones:waystone":3,"minecraft:granite":11,"biomesoplenty:redwood_sapling":5,"minecraft:mutton":2,"minecraft:coal":116,"minecraft:skeleton_skull":1,"minecraft:white_wool":9,"minecraft:cobblestone":199,"minecraft:ender_pearl":2},"minecraft:mined":{"minecraft:white_bed":5,"minecraft:torch":1,"minecraft:crafting_table":4,"minecraft:granite":5,"minecraft:cobblestone":15,"minecraft:spawner":2,"minecraft:skeleton_skull":1,"minecraft:furnace":3,"minecraft:iron_ore":68,"minecraft:andesite":9,"minecraft:gold_block":1,"minecraft:grass":5,"biomesoplenty:clover":5,"minecraft:coal_ore":115,"minecraft:dirt":4,"minecraft:stone":187},"minecraft:crafted":{"minecraft:cooked_beef":4,"sophisticatedbackpacks:backpack":1,"minecraft:cooked_porkchop":2,"minecraft:crafting_table":1,"biomesoplenty:redwood_planks":72,"minecraft:cooked_chicken":7,"minecraft:iron_helmet":3,"minecraft:wooden_pickaxe":1,"minecraft:iron_sword":1,"minecraft:furnace":1,"biomesoplenty:redwood_slab":6,"sophisticatedbackpacks:gold_backpack":1,"minecraft:stone_axe":2,"minecraft:cooked_mutton":2,"minecraft:air":0,"minecraft:iron_chestplate":2,"minecraft:iron_boots":3,"minecraft:shield":1,"minecraft:stick":20,"minecraft:iron_ingot":78,"minecraft:stone_pickaxe":3,"minecraft:wooden_axe":1,"minecraft:chest":1,"minecraft:gold_ingot":9,"minecraft:iron_leggings":3,"minecraft:white_bed":3,"minecraft:torch":16,"minecraft:shears":1,"sophisticatedbackpacks:iron_backpack":1},"minecraft:used":{"minecraft:cooked_mutton":2,"minecraft:stone_pickaxe":268,"minecraft:wooden_pickaxe":46,"minecraft:shield":1,"minecraft:iron_sword":4,"minecraft:cooked_chicken":8,"minecraft:iron_chestplate":1,"minecraft:torch":5,"minecraft:crafting_table":3,"minecraft:white_bed":4,"minecraft:granite":2,"waystones:waystone":1,"minecraft:wooden_axe":10,"minecraft:iron_pickaxe":101,"minecraft:stone_axe":75,"minecraft:cobblestone":59,"minecraft:furnace":2,"minecraft:cooked_porkchop":1,"minecraft:pumpkin_pie":4,"minecraft:egg":1,"minecraft:cooked_beef":4,"minecraft:iron_leggings":1},"minecraft:dropped":{"minecraft:iron_helmet":2,"biomesoplenty:redwood_planks":24,"minecraft:iron_boots":2,"minecraft:granite":3,"minecraft:white_bed":3,"minecraft:grass_block":1,"minecraft:mushroom_stew":5,"sophisticatedbackpacks:gold_backpack":3,"minecraft:iron_chestplate":1,"minecraft:wooden_axe":1,"minecraft:andesite":9,"minecraft:iron_leggings":2,"minecraft:wooden_pickaxe":1,"minecraft:paper":30,"minecraft:egg":1}},"DataVersion":3465}