{"stats":{"minecraft:broken":{"minecraft:stone_pickaxe":1,"minecraft:stone_axe":1,"slashblade:slashblade_wood":3,"minecraft:stone_hoe":1,"slashblade:slashblade_bamboo":1,"vanillaplustools:stone_hammer":2,"minecraft:iron_pickaxe":1,"minecraft:iron_helmet":1},"minecraft:custom":{"minecraft:interact_with_crafting_table":68,"minecraft:open_barrel":127,"minecraft:leave_game":9,"minecraft:time_since_death":548684,"minecraft:sprint_one_cm":741347,"minecraft:damage_blocked_by_shield":2100,"minecraft:drop":66,"minecraft:play_time":548684,"minecraft:jump":10240,"minecraft:interact_with_brewingstand":1,"minecraft:walk_on_water_one_cm":115491,"minecraft:interact_with_furnace":140,"minecraft:interact_with_cartography_table":1,"minecraft:interact_with_loom":3,"minecraft:sleep_in_bed":28,"minecraft:waystone_activated":3,"minecraft:damage_dealt":25399,"minecraft:crouch_one_cm":82045,"minecraft:mob_kills":149,"minecraft:inspect_hopper":1,"minecraft:climb_one_cm":19512,"minecraft:walk_one_cm":2249618,"minecraft:damage_dealt_absorbed":165,"minecraft:sneak_time":23966,"minecraft:walk_under_water_one_cm":58822,"minecraft:boat_one_cm":403377,"minecraft:interact_with_lectern":1,"minecraft:interact_with_blast_furnace":3,"minecraft:total_world_time":548684,"minecraft:time_since_rest":135172,"minecraft:damage_taken":6799,"minecraft:swim_one_cm":115578,"minecraft:fly_one_cm":1513374,"minecraft:open_chest":430,"minecraft:fall_one_cm":230020},"minecraft:dropped":{"sophisticatedbackpacks:gold_backpack":3,"minecraft:emerald":24,"minecraft:birch_log":64,"minecraft:sugar_cane":1,"minecraft:cobbled_deepslate":15,"artifacts:villager_hat":1,"minecraft:white_bed":4,"minecraft:charcoal":13,"vanillaplustools:stone_hammer":3,"minecraft:written_book":1,"minecraft:egg":1,"minecraft:stone_hoe":1,"minecraft:iron_ingot":1,"minecraft:wheat_seeds":110,"minecraft:iron_helmet":2,"biomesoplenty:redwood_boat":2,"minecraft:granite":3,"minecraft:grass_block":1,"minecraft:coal":4,"minecraft:mushroom_stew":5,"minecraft:wooden_axe":1,"minecraft:rose_bush":1,"minecraft:iron_leggings":2,"alexscaves:porous_coprolith":1,"minecraft:iron_shovel":4,"minecraft:paper":30,"biomesoplenty:redwood_planks":24,"minecraft:iron_boots":2,"sophisticatedbackpacks:backpack":2,"minecraft:filled_map":3,"minecraft:potato":10,"minecraft:spruce_planks":1,"minecraft:iron_chestplate":1,"minecraft:andesite":9,"sophisticatedbackpacks:copper_backpack":2,"minecraft:bow":1,"minecraft:stone_pickaxe":1,"minecraft:wooden_pickaxe":1},"minecraft:mined":{"minecraft:dark_oak_planks":5,"alexscaves:guanostone":32,"minecraft:spruce_planks":3,"alexscaves:forsaken_idol":1,"minecraft:white_bed":22,"minecraft:obsidian":11,"minecraft:granite":14,"minecraft:grass_block":16,"minecraft:coal_block":16,"alexscaves:coprolith":76,"minecraft:spawner":2,"minecraft:tall_seagrass":3,"minecraft:cobbled_deepslate":15,"minecraft:iron_ore":83,"minecraft:fire":20,"minecraft:deepslate_lapis_ore":1,"minecraft:cave_vines":1,"minecraft:iron_bars":2,"biomesoplenty:webbing":1,"minecraft:white_banner":1,"minecraft:iron_block":1,"minecraft:player_head":1,"minecraft:deepslate_redstone_ore":2,"minecraft:blackstone":1,"minecraft:powder_snow":25,"minecraft:clay":10,"minecraft:torch":63,"alexscaves:peering_coprolith":1,"minecraft:chest":2,"farmersdelight:cabbages":2,"minecraft:cobblestone":48,"graveyard:skeleton_hand":1,"minecraft:sugar_cane":11,"minecraft:oak_planks":3,"minecraft:wall_torch":16,"alexscaves:thornwood_planks":2,"minecraft:skeleton_skull":1,"minecraft:wheat":193,"minecraft:grass":34,"biomesoplenty:clover":77,"minecraft:sand":84,"minecraft:dirt":116,"minecraft:wither_skeleton_skull":1,"minecraft:stonecutter":1,"minecraft:oak_leaves":8,"minecraft:deepslate":2623,"minecraft:infested_deepslate":2,"minecraft:diamond_ore":1,"alexscaves:spelunkery_table":2,"minecraft:tuff":105,"minecraft:deepslate_diamond_ore":4,"minecraft:white_stained_glass":4,"alexscaves:thornwood_branch":1,"minecraft:hay_block":33,"alexscaves:thornwood_stairs":1,"minecraft:furnace":15,"minecraft:packed_mud":8,"minecraft:carrots":2,"minecraft:acacia_wood":1,"minecraft:andesite":9,"treechop:chopped_log":19,"minecraft:gold_block":2,"minecraft:bell":1,"minecraft:bookshelf":52,"minecraft:potatoes":44,"minecraft:deepslate_iron_ore":17,"minecraft:packed_ice":11,"minecraft:bamboo_sapling":1,"minecraft:bamboo":88,"irons_spellbooks:inscription_table":3,"minecraft:stone":1113,"alexscaves:porous_coprolith":3,"minecraft:snow_block":5,"minecraft:crafting_table":12,"minecraft:rose_bush":1,"minecraft:andesite_slab":1,"minecraft:copper_ore":2,"biomesoplenty:huge_clover_petal":16,"minecraft:deepslate_gold_ore":14,"minecraft:ice":10,"minecraft:white_carpet":2,"minecraft:birch_leaves":3,"minecraft:yellow_bed":1,"minecraft:coal_ore":123,"minecraft:gravel":55,"minecraft:cobweb":5,"minecraft:stone_bricks":2,"minecraft:fern":2},"minecraft:used":{"minecraft:iron_shovel":5,"farmersdelight:cabbage_seeds":2,"minecraft:oak_sign":1,"minecraft:chest":34,"farmersdelight:stove":1,"minecraft:shield":32,"minecraft:iron_sword":338,"minecraft:player_head":1,"minecraft:iron_chestplate":1,"minecraft:mutton":1,"securitycraft:keypad_item":1,"minecraft:carrot":2,"minecraft:snowball":16,"minecraft:lantern":2,"minecraft:packed_mud":8,"minecraft:iron_helmet":1,"minecraft:stone_bricks":1,"minecraft:bow":27,"minecraft:written_book":1,"minecraft:furnace":17,"minecraft:egg":1,"minecraft:potato":120,"minecraft:stone_pickaxe":268,"minecraft:oak_planks":1,"minecraft:wooden_pickaxe":46,"minecraft:sugar_cane":23,"minecraft:glow_berries":5,"minecraft:sand":30,"minecraft:crossbow":20,"minecraft:shears":1,"waystones:waystone":3,"minecraft:bread":19,"alexscaves:guanostone":29,"minecraft:gravel":3,"minecraft:ice":4,"minecraft:cobweb":4,"minecraft:iron_bars":1,"minecraft:flint_and_steel":37,"alexscaves:thornwood_planks":2,"vanillaplustools:stone_hammer":448,"minecraft:cooked_salmon":4,"minecraft:stone_hoe":189,"minecraft:cooked_chicken":8,"minecraft:torch":251,"minecraft:dirt":89,"minecraft:white_carpet":1,"minecraft:hopper":1,"minecraft:granite":19,"minecraft:wooden_axe":10,"alexscaves:coprolith":69,"minecraft:iron_axe":134,"biomesoplenty:redwood_boat":2,"minecraft:bamboo":81,"alexscaves:spelunkery_table":1,"slashblade:slashblade_wood":212,"minecraft:acacia_wood":1,"alexscaves:thornwood_stairs":1,"minecraft:cooked_beef":58,"minecraft:cobbled_deepslate":35,"minecraft:iron_leggings":1,"minecraft:wheat_seeds":267,"minecraft:cooked_mutton":2,"minecraft:water_bucket":39,"farmersdelight:skillet":1,"minecraft:snow_block":17,"minecraft:baked_potato":50,"minecraft:andesite_slab":1,"minecraft:tnt":2,"minecraft:crafting_table":12,"minecraft:white_bed":22,"slashblade:slashblade_bamboo":118,"minecraft:diamond_pickaxe":16,"minecraft:diamond_shovel":273,"minecraft:iron_pickaxe":451,"alexscaves:porous_coprolith":1,"minecraft:stone_axe":177,"minecraft:cobblestone":279,"minecraft:cooked_porkchop":5,"minecraft:bucket":40,"minecraft:black_candle":2,"minecraft:pumpkin_pie":4,"minecraft:polished_blackstone_button":1},"minecraft:crafted":{"minecraft:brick":40,"minecraft:cooked_chicken":7,"biomesoplenty:redwood_slab":6,"minecraft:stone":42,"securitycraft:keypad_item":2,"minecraft:heavy_weighted_pressure_plate":2,"minecraft:cooked_mutton":2,"minecraft:hopper":1,"minecraft:iron_boots":3,"minecraft:chest":37,"minecraft:bricks":4,"minecraft:stone_hoe":3,"farmersdelight:stove":1,"sophisticatedbackpacks:backpack":4,"minecraft:cooked_porkchop":4,"minecraft:crafting_table":1,"minecraft:spruce_planks":16,"minecraft:iron_helmet":3,"minecraft:wooden_pickaxe":1,"minecraft:baked_potato":50,"minecraft:campfire":1,"minecraft:birch_planks":272,"farmersdelight:skillet":1,"minecraft:iron_chestplate":2,"minecraft:diamond_pickaxe":1,"minecraft:shield":2,"minecraft:stick":408,"minecraft:iron_ingot":100,"minecraft:iron_pickaxe":2,"minecraft:snow_block":18,"minecraft:gold_ingot":25,"slashblade:proudsoul":1,"minecraft:shears":1,"minecraft:wooden_sword":11,"minecraft:coal":144,"vanillaplustools:stone_hammer":6,"slashblade:slashblade_bamboo":8,"minecraft:furnace":2,"minecraft:stone_button":16,"slashblade:slashblade_wood":11,"minecraft:stone_pickaxe":57,"sophisticatedbackpacks:iron_backpack":2,"minecraft:cooked_beef":59,"biomesoplenty:redwood_door":3,"biomesoplenty:redwood_planks":120,"minecraft:iron_sword":1,"sophisticatedbackpacks:gold_backpack":2,"minecraft:bucket":1,"minecraft:stone_axe":2,"minecraft:bread":73,"minecraft:air":0,"minecraft:wooden_axe":1,"minecraft:iron_leggings":3,"minecraft:white_bed":3,"minecraft:torch":164},"minecraft:killed":{"graveyard:skeleton_creeper":2,"irons_spellbooks:pyromancer":1,"minecraft:spider":7,"minecraft:skeleton":17,"alexscaves:underzealot":3,"minecraft:chicken":5,"minecraft:silverfish":2,"minecraft:illusioner":1,"minecraft:pig":3,"irons_spellbooks:necromancer":1,"minecraft:creeper":7,"minecraft:sheep":1,"minecraft:pillager":6,"irons_spellbooks:summoned_vex":1,"minecraft:zombie":31,"minecraft:cow":28,"irons_spellbooks:summoned_zombie":1,"minecraft:vindicator":11,"alexscaves:vesper":5,"minecraft:drowned":3,"graveyard:ghoul":1,"minecraft:bat":1,"aquamirae:anglerfish":5,"minecraft:enderman":1},"minecraft:picked_up":{"minecraft:wheat":188,"minecraft:string":15,"minecraft:raw_copper":9,"minecraft:cooked_salmon":3,"minecraft:experience_bottle":1,"minecraft:oak_sign":1,"irons_spellbooks:arcane_essence":7,"minecraft:cobbled_deepslate":2602,"farmersdelight:cabbage":1,"minecraft:spruce_planks":1,"minecraft:rose_bush":1,"biomesoplenty:redwood_wood":68,"minecraft:coal_block":16,"irons_spellbooks:inscription_table":3,"minecraft:furnace":15,"farmersdelight:cabbage_seeds":5,"minecraft:stick":36,"biomesoplenty:redwood_boat":4,"minecraft:torch":79,"minecraft:spruce_stairs":10,"minecraft:porkchop":6,"minecraft:dried_kelp":2,"irons_spellbooks:fire_rune":1,"aquamirae:esca":6,"alexscaves:corrodent_teeth":1,"minecraft:rotten_flesh":38,"minecraft:iron_block":1,"minecraft:obsidian":10,"minecraft:iron_bars":1,"minecraft:snowball":48,"minecraft:cobblestone":1158,"minecraft:birch_log":132,"minecraft:feather":4,"minecraft:cooked_beef":2,"minecraft:andesite":9,"minecraft:potato":150,"minecraft:flint":2,"minecraft:tuff":102,"alexscaves:thornwood_stairs":1,"minecraft:wither_skeleton_skull":1,"minecraft:lapis_lazuli":7,"minecraft:dirt":134,"minecraft:lantern":6,"aquamirae:fin":10,"minecraft:bone":22,"minecraft:stonecutter":1,"minecraft:bow":1,"alexscaves:guano":2,"minecraft:wheat_seeds":549,"minecraft:raw_gold":14,"minecraft:bell":1,"minecraft:bamboo":763,"alexscaves:porous_coprolith":2,"minecraft:oak_planks":43,"minecraft:cooked_porkchop":1,"aquamirae:anglers_fang":1,"minecraft:sand":110,"minecraft:grass_block":1,"minecraft:diamond":4,"waystones:waystone":6,"minecraft:polished_blackstone_button":1,"minecraft:granite":22,"minecraft:bread":9,"minecraft:emerald":13,"minecraft:dark_oak_fence":1,"minecraft:andesite_slab":1,"minecraft:fishing_rod":1,"sophisticatedbackpacks:gold_backpack":3,"minecraft:charcoal":11,"minecraft:crafting_table":11,"minecraft:chicken":5,"minecraft:ladder":6,"minecraft:clay_ball":40,"minecraft:gold_block":2,"minecraft:iron_shovel":4,"minecraft:white_carpet":2,"minecraft:blackstone":1,"graveyard:corruption":1,"minecraft:beef":64,"minecraft:player_head":3,"minecraft:birch_sapling":51,"minecraft:sugar_cane":32,"minecraft:chest":2,"minecraft:egg":6,"minecraft:raw_iron":106,"alexscaves:guanostone":29,"minecraft:copper_ingot":1,"aquamirae:shell_horn":1,"minecraft:bowl":2,"minecraft:carrot":6,"minecraft:redstone":9,"minecraft:dark_oak_planks":3,"biomesoplenty:redwood_planks":1,"minecraft:arrow":22,"minecraft:hay_block":33,"alexscaves:spelunkery_table":2,"sophisticatedbackpacks:copper_backpack":2,"biomesoplenty:redwood_sapling":5,"minecraft:glow_berries":5,"minecraft:mutton":3,"minecraft:skeleton_skull":1,"minecraft:white_wool":12,"minecraft:leather":53,"alexscaves:forsaken_idol":1,"minecraft:acacia_wood":1,"minecraft:filled_map":3,"minecraft:packed_mud":8,"minecraft:yellow_bed":1,"minecraft:gunpowder":5,"minecraft:paper":30,"minecraft:white_banner":2,"irons_spellbooks:rare_ink":2,"minecraft:stone_bricks":1,"alexscaves:thornwood_planks":2,"minecraft:iron_ingot":7,"minecraft:stone_pickaxe":1,"minecraft:cooked_chicken":1,"minecraft:cobweb":1,"alexscaves:coprolith":69,"minecraft:book":164,"minecraft:oak_slab":13,"slashblade:proudsoul_tiny":4,"minecraft:black_candle":2,"minecraft:gravel":97,"minecraft:white_bed":23,"minecraft:spruce_door":1,"minecraft:spider_eye":1,"minecraft:iron_helmet":1,"minecraft:coal":337,"minecraft:ender_pearl":2}},"DataVersion":3465}