{"stats":{"minecraft:dropped":{"sophisticatedbackpacks:gold_backpack":3,"minecraft:emerald":24,"minecraft:birch_log":64,"minecraft:sugar_cane":1,"minecraft:cobbled_deepslate":15,"minecraft:rotten_flesh":4,"artifacts:villager_hat":1,"minecraft:white_bed":4,"minecraft:azure_bluet":17,"minecraft:charcoal":13,"vanillaplustools:stone_hammer":3,"minecraft:written_book":1,"minecraft:netherrack":1,"minecraft:egg":1,"minecraft:stone_hoe":1,"minecraft:iron_ingot":1,"minecraft:wheat_seeds":110,"minecraft:iron_helmet":2,"biomesoplenty:redwood_boat":2,"minecraft:granite":3,"minecraft:grass_block":1,"minecraft:coal":4,"minecraft:mushroom_stew":5,"minecraft:torch":1,"minecraft:wooden_axe":1,"minecraft:rose_bush":1,"minecraft:iron_leggings":2,"minecraft:iron_shovel":4,"minecraft:paper":30,"alexscaves:porous_coprolith":1,"minecraft:tuff":100,"biomesoplenty:redwood_planks":24,"minecraft:iron_boots":2,"sophisticatedbackpacks:backpack":2,"minecraft:filled_map":3,"minecraft:potato":10,"minecraft:spruce_planks":1,"minecraft:iron_chestplate":1,"minecraft:andesite":9,"sophisticatedbackpacks:copper_backpack":2,"minecraft:bow":3,"minecraft:stone_pickaxe":1,"minecraft:wooden_pickaxe":1},"minecraft:custom":{"minecraft:interact_with_crafting_table":102,"minecraft:open_barrel":146,"minecraft:eat_cake_slice":2,"minecraft:leave_game":16,"minecraft:time_since_death":863770,"minecraft:sprint_one_cm":1109784,"minecraft:damage_blocked_by_shield":2180,"minecraft:drop":81,"minecraft:play_time":863770,"minecraft:jump":15650,"minecraft:interact_with_brewingstand":1,"minecraft:walk_on_water_one_cm":164120,"minecraft:enchant_item":2,"minecraft:interact_with_furnace":141,"minecraft:interact_with_cartography_table":1,"minecraft:interact_with_loom":3,"minecraft:sleep_in_bed":29,"minecraft:waystone_activated":4,"minecraft:damage_dealt":48723,"minecraft:crouch_one_cm":183622,"minecraft:mob_kills":283,"minecraft:inspect_hopper":11,"minecraft:damage_dealt_resisted":48,"minecraft:climb_one_cm":25522,"minecraft:walk_one_cm":3762163,"minecraft:damage_dealt_absorbed":433,"minecraft:sneak_time":48059,"minecraft:walk_under_water_one_cm":79275,"minecraft:boat_one_cm":537356,"minecraft:interact_with_lectern":1,"minecraft:interact_with_blast_furnace":5,"minecraft:total_world_time":863770,"minecraft:interact_with_grindstone":2,"minecraft:time_since_rest":68144,"minecraft:damage_taken":9755,"minecraft:trigger_trapped_chest":2,"minecraft:swim_one_cm":171699,"minecraft:fly_one_cm":2426688,"minecraft:open_chest":728,"minecraft:fall_one_cm":354524},"minecraft:killed":{"graveyard:skeleton_creeper":6,"irons_spellbooks:pyromancer":1,"minecraft:spider":13,"minecraft:skeleton":33,"alexscaves:underzealot":3,"minecraft:chicken":6,"minecraft:silverfish":8,"minecraft:illusioner":1,"irons_spellbooks:summoned_skeleton":4,"artifacts:mimic":1,"minecraft:pig":3,"irons_spellbooks:necromancer":3,"minecraft:creeper":17,"minecraft:sheep":1,"minecraft:pillager":6,"minecraft:zombie":72,"irons_spellbooks:summoned_vex":1,"minecraft:cow":28,"irons_spellbooks:summoned_zombie":9,"graveyard:nightmare":3,"minecraft:vindicator":11,"alexscaves:vesper":5,"minecraft:slime":15,"minecraft:phantom":5,"minecraft:drowned":4,"mowziesmobs:grottol":2,"graveyard:ghoul":1,"minecraft:bat":3,"minecraft:squid":1,"aquamirae:anglerfish":5,"minecraft:enderman":2},"minecraft:crafted":{"minecraft:brick":40,"minecraft:grindstone":1,"minecraft:cooked_chicken":7,"biomesoplenty:redwood_slab":6,"minecraft:stone":42,"securitycraft:keypad_item":2,"minecraft:bookshelf":21,"minecraft:heavy_weighted_pressure_plate":2,"minecraft:cooked_mutton":2,"minecraft:hopper":1,"minecraft:iron_boots":4,"explorerscompass:explorerscompass":1,"minecraft:chest":39,"minecraft:bricks":4,"minecraft:stone_hoe":3,"farmersdelight:stove":1,"sophisticatedbackpacks:backpack":4,"minecraft:cooked_porkchop":4,"minecraft:crafting_table":1,"minecraft:spruce_planks":16,"minecraft:iron_helmet":4,"minecraft:wooden_pickaxe":1,"minecraft:baked_potato":50,"minecraft:birch_planks":424,"minecraft:campfire":1,"farmersdelight:skillet":1,"biomesoplenty:redwood_boat":1,"minecraft:iron_chestplate":2,"minecraft:diamond_pickaxe":1,"minecraft:shield":2,"minecraft:stick":408,"minecraft:stone_slab":6,"minecraft:iron_ingot":102,"minecraft:iron_pickaxe":2,"minecraft:compass":1,"minecraft:snow_block":18,"minecraft:gold_ingot":25,"slashblade:proudsoul":3,"minecraft:shears":1,"minecraft:wooden_sword":12,"minecraft:coal":144,"vanillaplustools:stone_hammer":10,"slashblade:slashblade_bamboo":9,"minecraft:furnace":2,"minecraft:stone_button":16,"slashblade:slashblade_wood":12,"minecraft:iron_axe":1,"minecraft:stone_pickaxe":93,"sophisticatedbackpacks:iron_backpack":2,"minecraft:cooked_beef":59,"biomesoplenty:redwood_door":3,"minecraft:enchanting_table":2,"biomesoplenty:redwood_planks":124,"minecraft:iron_sword":1,"minecraft:cooked_salmon":2,"sophisticatedbackpacks:gold_backpack":2,"minecraft:bucket":1,"minecraft:stone_axe":2,"minecraft:bread":73,"minecraft:air":0,"minecraft:wooden_axe":1,"minecraft:iron_leggings":4,"minecraft:white_bed":3,"minecraft:torch":420},"minecraft:broken":{"minecraft:stone_pickaxe":1,"minecraft:stone_axe":1,"minecraft:iron_sword":1,"slashblade:slashblade_wood":3,"minecraft:stone_hoe":1,"slashblade:slashblade_bamboo":9,"vanillaplustools:stone_hammer":5,"minecraft:iron_axe":1,"minecraft:iron_pickaxe":3,"minecraft:iron_helmet":2},"minecraft:mined":{"minecraft:dark_oak_planks":5,"alexscaves:guanostone":32,"minecraft:spruce_planks":3,"alexscaves:forsaken_idol":1,"minecraft:white_bed":22,"minecraft:obsidian":11,"minecraft:cave_vines_plant":1,"minecraft:granite":18,"minecraft:grass_block":17,"minecraft:coal_block":16,"alexscaves:coprolith":76,"minecraft:spawner":4,"minecraft:tall_seagrass":3,"minecraft:magma_block":2,"minecraft:iron_ore":112,"minecraft:cobbled_deepslate":84,"minecraft:fire":20,"minecraft:deepslate_lapis_ore":1,"minecraft:azure_bluet":33,"minecraft:cave_vines":1,"biomesoplenty:webbing":1,"minecraft:iron_bars":2,"minecraft:white_banner":1,"minecraft:iron_block":1,"minecraft:player_head":1,"minecraft:deepslate_redstone_ore":2,"minecraft:blackstone":1,"minecraft:smoker":1,"minecraft:powder_snow":25,"minecraft:clay":10,"minecraft:torch":122,"minecraft:blast_furnace":2,"alexscaves:peering_coprolith":1,"minecraft:chest":2,"farmersdelight:cabbages":24,"minecraft:cobblestone":89,"graveyard:skeleton_hand":1,"minecraft:oak_planks":3,"minecraft:sugar_cane":17,"minecraft:wall_torch":38,"alexscaves:thornwood_planks":2,"minecraft:deepslate_copper_ore":2,"minecraft:skeleton_skull":1,"minecraft:seagrass":1,"minecraft:wheat":639,"minecraft:tnt":1,"minecraft:grass":67,"biomesoplenty:clover":106,"minecraft:beetroots":76,"minecraft:sand":84,"minecraft:dirt":134,"minecraft:wither_skeleton_skull":1,"minecraft:stonecutter":1,"minecraft:netherrack":5,"minecraft:oak_leaves":8,"minecraft:deepslate":5537,"minecraft:infested_deepslate":10,"alexscaves:spelunkery_table":2,"minecraft:diamond_ore":2,"minecraft:crying_obsidian":2,"minecraft:tuff":240,"farmersdelight:onions":14,"minecraft:mossy_cobblestone":10,"minecraft:deepslate_diamond_ore":24,"minecraft:allium":1,"minecraft:white_stained_glass":4,"alexscaves:thornwood_branch":1,"minecraft:hay_block":33,"minecraft:packed_mud":8,"minecraft:carrots":61,"minecraft:furnace":15,"alexscaves:thornwood_stairs":1,"minecraft:acacia_wood":1,"minecraft:andesite":97,"treechop:chopped_log":37,"minecraft:gold_block":3,"minecraft:bell":1,"minecraft:bookshelf":52,"minecraft:potatoes":316,"biomesoplenty:high_grass":48,"minecraft:deepslate_iron_ore":92,"minecraft:rail":115,"minecraft:packed_ice":11,"minecraft:bamboo_sapling":1,"minecraft:bamboo":88,"irons_spellbooks:inscription_table":3,"minecraft:stone":1693,"alexscaves:porous_coprolith":3,"minecraft:snow_block":5,"minecraft:crafting_table":12,"minecraft:rose_bush":1,"minecraft:andesite_slab":1,"biomesoplenty:high_grass_plant":19,"minecraft:copper_ore":6,"minecraft:deepslate_gold_ore":38,"biomesoplenty:huge_clover_petal":78,"minecraft:diorite":2,"minecraft:ice":10,"minecraft:white_carpet":2,"minecraft:birch_leaves":3,"minecraft:yellow_bed":1,"minecraft:coal_ore":123,"minecraft:gravel":81,"minecraft:cobweb":32,"minecraft:cracked_stone_bricks":4,"minecraft:stone_bricks":2,"minecraft:chipped_anvil":1,"minecraft:fern":2},"minecraft:used":{"minecraft:iron_shovel":5,"farmersdelight:cabbage_seeds":60,"minecraft:oak_sign":1,"minecraft:chest":36,"farmersdelight:stove":1,"minecraft:shield":32,"minecraft:stone":2,"minecraft:iron_sword":605,"minecraft:player_head":1,"minecraft:iron_chestplate":1,"minecraft:mutton":1,"artifacts:umbrella":3,"securitycraft:keypad_item":1,"minecraft:carrot":81,"minecraft:tuff":15,"minecraft:snowball":16,"minecraft:lantern":2,"minecraft:packed_mud":8,"minecraft:iron_helmet":2,"minecraft:stone_bricks":1,"minecraft:bow":47,"minecraft:written_book":1,"minecraft:furnace":17,"minecraft:beetroot_seeds":110,"minecraft:egg":1,"minecraft:potato":348,"minecraft:oak_planks":1,"minecraft:stone_pickaxe":268,"minecraft:wooden_pickaxe":46,"minecraft:sugar_cane":23,"minecraft:glow_berries":5,"minecraft:sand":30,"minecraft:crossbow":20,"minecraft:shears":1,"waystones:waystone":4,"sophisticatedbackpacks:backpack":2,"minecraft:bread":37,"alexscaves:guanostone":29,"minecraft:gravel":3,"minecraft:grindstone":1,"minecraft:ice":4,"minecraft:iron_bars":1,"minecraft:cobweb":4,"sophisticatedbackpacks:iron_backpack":2,"minecraft:enchanting_table":1,"minecraft:flint_and_steel":37,"alexscaves:thornwood_planks":2,"vanillaplustools:stone_hammer":888,"minecraft:cooked_salmon":6,"minecraft:stone_hoe":189,"minecraft:cooked_chicken":8,"minecraft:netherrack":2,"minecraft:torch":408,"minecraft:dirt":94,"minecraft:white_carpet":1,"minecraft:hopper":1,"minecraft:granite":19,"minecraft:wooden_axe":10,"alexscaves:coprolith":69,"minecraft:bookshelf":21,"minecraft:iron_axe":259,"biomesoplenty:redwood_boat":4,"minecraft:bamboo":81,"alexscaves:spelunkery_table":1,"slashblade:slashblade_wood":212,"minecraft:acacia_wood":1,"alexscaves:thornwood_stairs":1,"minecraft:cooked_beef":58,"minecraft:cobbled_deepslate":4883,"minecraft:iron_leggings":1,"minecraft:wheat_seeds":633,"minecraft:cooked_mutton":2,"minecraft:water_bucket":43,"farmersdelight:skillet":1,"minecraft:snow_block":17,"minecraft:baked_potato":117,"minecraft:andesite_slab":1,"farmersdelight:onion":48,"minecraft:tnt":2,"minecraft:crafting_table":12,"minecraft:white_bed":22,"slashblade:slashblade_bamboo":631,"minecraft:diamond_pickaxe":28,"minecraft:diamond_shovel":313,"minecraft:iron_pickaxe":875,"alexscaves:porous_coprolith":1,"minecraft:stone_axe":177,"minecraft:cobblestone":406,"minecraft:cooked_porkchop":5,"minecraft:bucket":44,"minecraft:black_candle":2,"minecraft:pumpkin_pie":4,"minecraft:polished_blackstone_button":1},"minecraft:picked_up":{"minecraft:wheat":575,"artifacts:umbrella":1,"minecraft:string":46,"minecraft:raw_copper":31,"minecraft:cooked_salmon":3,"minecraft:iron_leggings":1,"minecraft:experience_bottle":1,"minecraft:oak_sign":1,"minecraft:beetroot":64,"irons_spellbooks:arcane_essence":10,"minecraft:cobbled_deepslate":5536,"farmersdelight:cabbage":22,"minecraft:spruce_planks":1,"minecraft:rose_bush":1,"biomesoplenty:redwood_wood":68,"minecraft:coal_block":16,"irons_spellbooks:inscription_table":3,"minecraft:furnace":15,"farmersdelight:cabbage_seeds":70,"minecraft:stick":68,"biomesoplenty:redwood_boat":6,"minecraft:torch":165,"minecraft:spruce_stairs":10,"minecraft:porkchop":6,"minecraft:dried_kelp":2,"minecraft:diorite":2,"irons_spellbooks:fire_rune":1,"aquamirae:esca":6,"alexscaves:corrodent_teeth":1,"minecraft:rotten_flesh":75,"farmersdelight:onion":48,"minecraft:iron_block":1,"minecraft:obsidian":10,"minecraft:iron_bars":1,"minecraft:snowball":48,"minecraft:cobblestone":1776,"minecraft:birch_log":255,"minecraft:feather":5,"minecraft:cooked_beef":2,"minecraft:andesite":97,"minecraft:smoker":1,"minecraft:potato":1144,"minecraft:flint":6,"minecraft:tuff":237,"alexscaves:thornwood_stairs":1,"minecraft:wither_skeleton_skull":1,"minecraft:lapis_lazuli":7,"minecraft:dirt":159,"minecraft:lantern":6,"aquamirae:fin":10,"minecraft:bone":30,"minecraft:chipped_anvil":1,"minecraft:stonecutter":1,"minecraft:bow":3,"minecraft:wheat_seeds":1670,"alexscaves:guano":2,"minecraft:raw_gold":38,"minecraft:bell":1,"minecraft:bamboo":763,"alexscaves:porous_coprolith":2,"minecraft:oak_planks":43,"minecraft:cooked_porkchop":1,"minecraft:poisonous_potato":3,"aquamirae:anglers_fang":1,"minecraft:sand":110,"sophisticatedbackpacks:iron_backpack":1,"minecraft:grass_block":1,"minecraft:mossy_cobblestone":10,"minecraft:diamond":27,"waystones:waystone":8,"minecraft:polished_blackstone_button":1,"minecraft:granite":26,"minecraft:emerald":13,"minecraft:bread":9,"minecraft:netherrack":4,"minecraft:dark_oak_fence":1,"minecraft:andesite_slab":1,"minecraft:charcoal":11,"minecraft:fishing_rod":1,"sophisticatedbackpacks:gold_backpack":3,"minecraft:crafting_table":11,"minecraft:allium":1,"minecraft:azure_bluet":36,"minecraft:clay_ball":40,"minecraft:chicken":6,"minecraft:ladder":6,"minecraft:gold_block":3,"minecraft:iron_shovel":4,"minecraft:white_carpet":2,"minecraft:blackstone":1,"minecraft:cracked_stone_bricks":4,"graveyard:corruption":6,"minecraft:beef":64,"minecraft:player_head":3,"minecraft:birch_sapling":93,"minecraft:sugar_cane":46,"minecraft:chest":2,"minecraft:phantom_membrane":2,"minecraft:egg":11,"minecraft:raw_iron":210,"alexscaves:guanostone":29,"minecraft:copper_ingot":1,"aquamirae:shell_horn":1,"minecraft:bowl":2,"sophisticatedbackpacks:backpack":1,"minecraft:carrot":218,"minecraft:redstone":9,"minecraft:dark_oak_planks":3,"minecraft:tnt":1,"biomesoplenty:redwood_planks":1,"minecraft:arrow":35,"minecraft:beetroot_seeds":200,"minecraft:hay_block":33,"alexscaves:spelunkery_table":2,"sophisticatedbackpacks:copper_backpack":2,"biomesoplenty:redwood_sapling":5,"minecraft:glow_berries":5,"minecraft:mutton":3,"minecraft:rail":113,"minecraft:skeleton_skull":1,"minecraft:white_wool":13,"minecraft:leather":53,"minecraft:acacia_wood":1,"alexscaves:forsaken_idol":1,"minecraft:filled_map":3,"minecraft:packed_mud":8,"minecraft:yellow_bed":1,"minecraft:gunpowder":17,"minecraft:paper":30,"minecraft:white_banner":2,"irons_spellbooks:rare_ink":2,"minecraft:stone_bricks":1,"alexscaves:thornwood_planks":2,"minecraft:iron_ingot":7,"minecraft:stone_pickaxe":1,"minecraft:cooked_chicken":1,"minecraft:cobweb":1,"alexscaves:coprolith":69,"minecraft:book":164,"minecraft:oak_slab":13,"slashblade:proudsoul_tiny":11,"minecraft:black_candle":2,"minecraft:gravel":125,"minecraft:blast_furnace":2,"minecraft:white_bed":23,"minecraft:crying_obsidian":2,"minecraft:spruce_door":1,"minecraft:spider_eye":1,"minecraft:slime_ball":12,"minecraft:iron_helmet":1,"minecraft:gray_wool":1,"minecraft:coal":337,"minecraft:ender_pearl":2}},"DataVersion":3465}