{"stats":{"minecraft:broken":{"minecraft:stone_pickaxe":1,"minecraft:stone_axe":1},"minecraft:killed":{"irons_spellbooks:summoned_zombie":1,"graveyard:skeleton_creeper":1,"minecraft:spider":1,"minecraft:vindicator":10,"minecraft:skeleton":3,"minecraft:chicken":5,"minecraft:drowned":3,"minecraft:creeper":4,"minecraft:sheep":1,"minecraft:pillager":6,"minecraft:zombie":18,"irons_spellbooks:summoned_vex":1,"aquamirae:anglerfish":5,"minecraft:enderman":1,"minecraft:cow":27},"minecraft:custom":{"minecraft:mob_kills":87,"minecraft:interact_with_crafting_table":41,"minecraft:open_barrel":98,"minecraft:leave_game":5,"minecraft:time_since_death":263575,"minecraft:climb_one_cm":13441,"minecraft:sprint_one_cm":253747,"minecraft:walk_one_cm":1260758,"minecraft:damage_blocked_by_shield":1485,"minecraft:drop":41,"minecraft:damage_dealt_absorbed":120,"minecraft:play_time":263575,"minecraft:sneak_time":12515,"minecraft:walk_under_water_one_cm":15988,"minecraft:boat_one_cm":218354,"minecraft:interact_with_lectern":1,"minecraft:jump":5235,"minecraft:interact_with_brewingstand":1,"minecraft:interact_with_blast_furnace":3,"minecraft:walk_on_water_one_cm":32101,"minecraft:total_world_time":263575,"minecraft:interact_with_furnace":106,"minecraft:interact_with_cartography_table":1,"minecraft:sleep_in_bed":17,"minecraft:time_since_rest":17417,"minecraft:waystone_activated":1,"minecraft:damage_taken":3285,"minecraft:damage_dealt":15000,"minecraft:swim_one_cm":55005,"minecraft:fly_one_cm":614361,"minecraft:open_chest":73,"minecraft:crouch_one_cm":45044,"minecraft:fall_one_cm":108090},"minecraft:picked_up":{"sophisticatedbackpacks:gold_backpack":3,"minecraft:fishing_rod":1,"minecraft:charcoal":11,"minecraft:crafting_table":10,"minecraft:wheat":26,"minecraft:chicken":5,"minecraft:ladder":6,"minecraft:gold_block":1,"minecraft:string":13,"minecraft:cooked_salmon":3,"minecraft:white_carpet":2,"minecraft:iron_shovel":4,"minecraft:blackstone":1,"minecraft:oak_sign":1,"minecraft:spruce_planks":1,"minecraft:beef":61,"minecraft:player_head":3,"biomesoplenty:redwood_wood":68,"minecraft:sugar_cane":1,"minecraft:furnace":12,"minecraft:egg":6,"minecraft:stick":4,"minecraft:raw_iron":87,"biomesoplenty:redwood_boat":1,"minecraft:copper_ingot":1,"aquamirae:shell_horn":1,"minecraft:torch":10,"minecraft:bowl":2,"minecraft:spruce_stairs":10,"minecraft:dried_kelp":2,"aquamirae:esca":6,"minecraft:dark_oak_planks":3,"biomesoplenty:redwood_planks":1,"minecraft:arrow":3,"minecraft:rotten_flesh":22,"sophisticatedbackpacks:copper_backpack":2,"biomesoplenty:redwood_sapling":5,"minecraft:snowball":48,"minecraft:mutton":3,"minecraft:iron_bars":1,"minecraft:cobblestone":221,"minecraft:skeleton_skull":1,"minecraft:white_wool":12,"minecraft:feather":4,"minecraft:cooked_beef":2,"minecraft:andesite":9,"minecraft:leather":53,"minecraft:potato":19,"minecraft:wither_skeleton_skull":1,"minecraft:gunpowder":4,"minecraft:paper":30,"minecraft:dirt":9,"minecraft:lantern":4,"minecraft:white_banner":2,"aquamirae:fin":10,"minecraft:bone":7,"minecraft:wheat_seeds":74,"minecraft:bell":1,"minecraft:iron_ingot":7,"minecraft:cobweb":1,"minecraft:cooked_chicken":1,"minecraft:bamboo":11,"minecraft:oak_planks":43,"minecraft:book":96,"minecraft:oak_slab":13,"minecraft:black_candle":2,"minecraft:cooked_porkchop":1,"aquamirae:anglers_fang":1,"minecraft:gravel":1,"minecraft:sand":110,"minecraft:white_bed":15,"minecraft:grass_block":1,"minecraft:spruce_door":1,"waystones:waystone":5,"minecraft:polished_blackstone_button":1,"minecraft:iron_helmet":1,"minecraft:granite":13,"minecraft:emerald":12,"minecraft:bread":9,"minecraft:coal":268,"minecraft:ender_pearl":2},"minecraft:crafted":{"minecraft:cooked_chicken":7,"minecraft:furnace":2,"biomesoplenty:redwood_slab":6,"minecraft:cooked_mutton":2,"minecraft:iron_boots":3,"minecraft:stone_pickaxe":3,"minecraft:chest":4,"sophisticatedbackpacks:iron_backpack":2,"minecraft:cooked_beef":59,"sophisticatedbackpacks:backpack":4,"minecraft:cooked_porkchop":4,"biomesoplenty:redwood_door":3,"minecraft:crafting_table":1,"biomesoplenty:redwood_planks":112,"minecraft:iron_helmet":3,"minecraft:wooden_pickaxe":1,"minecraft:baked_potato":50,"minecraft:iron_sword":1,"sophisticatedbackpacks:gold_backpack":2,"minecraft:bucket":1,"minecraft:stone_axe":2,"minecraft:bread":9,"minecraft:air":0,"minecraft:iron_chestplate":2,"minecraft:shield":2,"minecraft:stick":20,"minecraft:iron_ingot":91,"minecraft:wooden_axe":1,"minecraft:snow_block":18,"minecraft:iron_leggings":3,"minecraft:gold_ingot":16,"minecraft:white_bed":3,"minecraft:torch":16,"minecraft:shears":1},"minecraft:mined":{"minecraft:dark_oak_planks":3,"minecraft:diamond_ore":1,"minecraft:spruce_planks":1,"minecraft:white_bed":15,"minecraft:granite":5,"minecraft:grass_block":2,"minecraft:white_stained_glass":4,"minecraft:spawner":2,"minecraft:tall_seagrass":3,"minecraft:furnace":12,"minecraft:iron_ore":81,"minecraft:fire":15,"minecraft:andesite":9,"minecraft:gold_block":1,"minecraft:bell":1,"minecraft:potatoes":6,"minecraft:bookshelf":32,"minecraft:iron_bars":2,"minecraft:packed_ice":11,"minecraft:white_banner":1,"minecraft:stone":199,"minecraft:player_head":1,"minecraft:blackstone":1,"minecraft:snow_block":5,"minecraft:powder_snow":25,"minecraft:crafting_table":11,"minecraft:torch":6,"minecraft:cobblestone":19,"graveyard:skeleton_hand":1,"minecraft:oak_planks":3,"minecraft:wall_torch":4,"minecraft:skeleton_skull":1,"minecraft:wheat":27,"minecraft:ice":10,"minecraft:white_carpet":2,"minecraft:birch_leaves":3,"minecraft:grass":11,"biomesoplenty:clover":5,"minecraft:coal_ore":116,"minecraft:sand":84,"minecraft:dirt":4,"minecraft:cobweb":5,"minecraft:stone_bricks":2,"minecraft:wither_skeleton_skull":1,"minecraft:oak_leaves":8},"minecraft:used":{"minecraft:iron_bars":1,"minecraft:iron_shovel":5,"minecraft:flint_and_steel":14,"minecraft:oak_sign":1,"minecraft:shield":21,"minecraft:iron_sword":165,"minecraft:cooked_salmon":4,"minecraft:player_head":1,"minecraft:cooked_chicken":8,"minecraft:iron_chestplate":1,"minecraft:torch":16,"minecraft:dirt":2,"minecraft:mutton":1,"minecraft:white_carpet":1,"minecraft:granite":10,"minecraft:snowball":16,"minecraft:wooden_axe":10,"biomesoplenty:redwood_boat":1,"minecraft:written_book":1,"minecraft:furnace":11,"minecraft:egg":1,"minecraft:cooked_beef":19,"minecraft:potato":1,"minecraft:iron_leggings":1,"minecraft:wheat_seeds":27,"minecraft:cooked_mutton":2,"minecraft:water_bucket":2,"minecraft:snow_block":10,"minecraft:stone_pickaxe":268,"minecraft:oak_planks":1,"minecraft:baked_potato":37,"minecraft:wooden_pickaxe":46,"minecraft:sand":30,"minecraft:tnt":2,"minecraft:crafting_table":9,"minecraft:crossbow":9,"minecraft:white_bed":14,"minecraft:shears":1,"waystones:waystone":1,"minecraft:diamond_shovel":93,"minecraft:iron_pickaxe":161,"minecraft:stone_axe":144,"minecraft:cobblestone":151,"minecraft:cooked_porkchop":5,"minecraft:ice":4,"minecraft:bucket":3,"minecraft:pumpkin_pie":4,"minecraft:black_candle":2,"minecraft:polished_blackstone_button":1,"minecraft:cobweb":4},"minecraft:dropped":{"minecraft:iron_ingot":1,"minecraft:iron_helmet":2,"minecraft:granite":3,"minecraft:grass_block":1,"minecraft:mushroom_stew":5,"sophisticatedbackpacks:gold_backpack":3,"minecraft:wooden_axe":1,"minecraft:iron_leggings":2,"minecraft:iron_shovel":4,"minecraft:paper":30,"minecraft:sugar_cane":1,"biomesoplenty:redwood_planks":24,"minecraft:iron_boots":2,"sophisticatedbackpacks:backpack":2,"minecraft:white_bed":3,"minecraft:spruce_planks":1,"minecraft:iron_chestplate":1,"minecraft:andesite":9,"sophisticatedbackpacks:copper_backpack":2,"minecraft:wooden_pickaxe":1,"minecraft:written_book":1,"minecraft:egg":1}},"DataVersion":3465}