{"stats":{"minecraft:broken":{"minecraft:stone_pickaxe":1,"minecraft:stone_axe":1},"minecraft:killed":{"irons_spellbooks:summoned_zombie":1,"graveyard:skeleton_creeper":1,"minecraft:vindicator":8,"minecraft:spider":1,"minecraft:skeleton":2,"minecraft:chicken":5,"minecraft:creeper":4,"minecraft:sheep":1,"minecraft:pillager":3,"irons_spellbooks:summoned_vex":1,"minecraft:zombie":15,"minecraft:enderman":1,"minecraft:cow":27},"minecraft:custom":{"minecraft:mob_kills":70,"minecraft:interact_with_crafting_table":34,"minecraft:open_barrel":23,"minecraft:leave_game":4,"minecraft:time_since_death":178095,"minecraft:climb_one_cm":4444,"minecraft:sprint_one_cm":102408,"minecraft:walk_one_cm":1003258,"minecraft:damage_blocked_by_shield":45,"minecraft:drop":32,"minecraft:play_time":178095,"minecraft:sneak_time":7223,"minecraft:walk_under_water_one_cm":7770,"minecraft:boat_one_cm":157236,"minecraft:interact_with_lectern":1,"minecraft:jump":3429,"minecraft:walk_on_water_one_cm":25184,"minecraft:total_world_time":178095,"minecraft:interact_with_furnace":56,"minecraft:interact_with_cartography_table":1,"minecraft:sleep_in_bed":11,"minecraft:time_since_rest":2757,"minecraft:waystone_activated":1,"minecraft:damage_taken":1861,"minecraft:damage_dealt":10535,"minecraft:swim_one_cm":39149,"minecraft:fly_one_cm":276727,"minecraft:open_chest":20,"minecraft:crouch_one_cm":28924,"minecraft:fall_one_cm":64033},"minecraft:picked_up":{"sophisticatedbackpacks:gold_backpack":3,"minecraft:fishing_rod":1,"minecraft:crafting_table":8,"minecraft:chicken":5,"minecraft:ladder":6,"minecraft:gold_block":1,"minecraft:string":10,"minecraft:blackstone":1,"minecraft:beef":61,"biomesoplenty:redwood_wood":68,"minecraft:egg":6,"minecraft:furnace":7,"minecraft:raw_iron":67,"minecraft:stick":4,"biomesoplenty:redwood_boat":1,"minecraft:torch":10,"minecraft:bowl":2,"minecraft:spruce_stairs":10,"minecraft:dried_kelp":2,"biomesoplenty:redwood_planks":1,"minecraft:arrow":1,"minecraft:rotten_flesh":18,"biomesoplenty:redwood_sapling":5,"minecraft:mutton":3,"minecraft:cobblestone":219,"minecraft:skeleton_skull":1,"minecraft:white_wool":12,"minecraft:feather":4,"minecraft:cooked_beef":2,"minecraft:andesite":9,"minecraft:leather":53,"minecraft:potato":16,"minecraft:gunpowder":4,"minecraft:wither_skeleton_skull":1,"minecraft:paper":30,"minecraft:dirt":9,"minecraft:white_banner":2,"minecraft:bone":7,"minecraft:wheat_seeds":2,"minecraft:cooked_chicken":1,"minecraft:cobweb":1,"minecraft:oak_planks":41,"minecraft:book":42,"minecraft:oak_slab":13,"minecraft:black_candle":2,"minecraft:cooked_porkchop":1,"minecraft:gravel":1,"minecraft:sand":110,"minecraft:white_bed":12,"minecraft:grass_block":1,"minecraft:spruce_door":1,"waystones:waystone":4,"minecraft:polished_blackstone_button":1,"minecraft:iron_helmet":1,"minecraft:granite":13,"minecraft:emerald":4,"minecraft:bread":9,"minecraft:coal":148,"minecraft:ender_pearl":2},"minecraft:crafted":{"minecraft:cooked_chicken":7,"minecraft:furnace":2,"biomesoplenty:redwood_slab":6,"minecraft:cooked_mutton":2,"minecraft:iron_boots":3,"minecraft:stone_pickaxe":3,"minecraft:chest":3,"sophisticatedbackpacks:iron_backpack":1,"minecraft:cooked_beef":20,"sophisticatedbackpacks:backpack":3,"minecraft:cooked_porkchop":2,"biomesoplenty:redwood_door":3,"minecraft:crafting_table":1,"biomesoplenty:redwood_planks":104,"minecraft:baked_potato":15,"minecraft:wooden_pickaxe":1,"minecraft:iron_helmet":3,"minecraft:iron_sword":1,"sophisticatedbackpacks:gold_backpack":1,"minecraft:stone_axe":2,"minecraft:bread":9,"minecraft:air":0,"minecraft:iron_chestplate":2,"minecraft:shield":2,"minecraft:stick":20,"minecraft:iron_ingot":78,"minecraft:wooden_axe":1,"minecraft:iron_leggings":3,"minecraft:gold_ingot":9,"minecraft:white_bed":3,"minecraft:torch":16,"minecraft:shears":1},"minecraft:mined":{"minecraft:diamond_ore":1,"minecraft:white_bed":12,"minecraft:granite":5,"minecraft:grass_block":2,"minecraft:spawner":2,"minecraft:tall_seagrass":3,"minecraft:furnace":7,"minecraft:iron_ore":68,"minecraft:fire":2,"minecraft:andesite":9,"minecraft:gold_block":1,"minecraft:bookshelf":14,"minecraft:potatoes":5,"minecraft:stone":199,"minecraft:white_banner":1,"minecraft:blackstone":1,"minecraft:crafting_table":9,"minecraft:torch":6,"minecraft:cobblestone":16,"graveyard:skeleton_hand":1,"minecraft:oak_planks":1,"minecraft:wall_torch":4,"minecraft:skeleton_skull":1,"minecraft:birch_leaves":3,"minecraft:grass":11,"biomesoplenty:clover":5,"minecraft:coal_ore":116,"minecraft:sand":84,"minecraft:dirt":4,"minecraft:cobweb":3,"minecraft:wither_skeleton_skull":1,"minecraft:oak_leaves":8},"minecraft:used":{"minecraft:flint_and_steel":7,"minecraft:shield":1,"minecraft:iron_sword":74,"minecraft:cooked_chicken":8,"minecraft:iron_chestplate":1,"minecraft:torch":16,"minecraft:dirt":2,"minecraft:mutton":1,"minecraft:granite":10,"minecraft:wooden_axe":10,"biomesoplenty:redwood_boat":1,"minecraft:written_book":1,"minecraft:furnace":6,"minecraft:egg":1,"minecraft:cooked_beef":15,"minecraft:iron_leggings":1,"minecraft:cooked_mutton":2,"minecraft:stone_pickaxe":268,"minecraft:baked_potato":15,"minecraft:wooden_pickaxe":46,"minecraft:sand":29,"minecraft:tnt":2,"minecraft:crafting_table":8,"minecraft:crossbow":1,"minecraft:white_bed":11,"minecraft:shears":1,"waystones:waystone":1,"minecraft:diamond_shovel":83,"minecraft:iron_pickaxe":123,"minecraft:stone_axe":117,"minecraft:cobblestone":92,"minecraft:cooked_porkchop":2,"minecraft:pumpkin_pie":4,"minecraft:black_candle":2,"minecraft:polished_blackstone_button":1,"minecraft:cobweb":2},"minecraft:dropped":{"minecraft:iron_helmet":2,"minecraft:granite":3,"minecraft:grass_block":1,"minecraft:mushroom_stew":5,"sophisticatedbackpacks:gold_backpack":3,"minecraft:wooden_axe":1,"minecraft:iron_leggings":2,"minecraft:paper":30,"biomesoplenty:redwood_planks":24,"minecraft:iron_boots":2,"sophisticatedbackpacks:backpack":2,"minecraft:white_bed":3,"minecraft:iron_chestplate":1,"minecraft:andesite":9,"minecraft:wooden_pickaxe":1,"minecraft:written_book":1,"minecraft:egg":1}},"DataVersion":3465}