{"stats":{"minecraft:dropped":{"sophisticatedbackpacks:gold_backpack":3,"minecraft:emerald":24,"minecraft:birch_log":64,"minecraft:sugar_cane":1,"artifacts:villager_hat":1,"minecraft:white_bed":4,"minecraft:charcoal":13,"vanillaplustools:stone_hammer":3,"minecraft:written_book":1,"minecraft:egg":1,"minecraft:stone_hoe":1,"minecraft:iron_ingot":1,"minecraft:wheat_seeds":110,"minecraft:iron_helmet":2,"biomesoplenty:redwood_boat":2,"minecraft:granite":3,"minecraft:grass_block":1,"minecraft:coal":4,"minecraft:mushroom_stew":5,"minecraft:wooden_axe":1,"minecraft:rose_bush":1,"minecraft:iron_leggings":2,"alexscaves:porous_coprolith":1,"minecraft:iron_shovel":4,"minecraft:paper":30,"biomesoplenty:redwood_planks":24,"minecraft:iron_boots":2,"sophisticatedbackpacks:backpack":2,"minecraft:filled_map":3,"minecraft:potato":10,"minecraft:spruce_planks":1,"minecraft:iron_chestplate":1,"minecraft:andesite":9,"sophisticatedbackpacks:copper_backpack":2,"minecraft:bow":1,"minecraft:stone_pickaxe":1,"minecraft:wooden_pickaxe":1},"minecraft:mined":{"minecraft:dark_oak_planks":5,"alexscaves:guanostone":32,"minecraft:spruce_planks":3,"alexscaves:forsaken_idol":1,"minecraft:white_bed":22,"minecraft:granite":14,"minecraft:grass_block":7,"minecraft:coal_block":16,"alexscaves:coprolith":76,"minecraft:spawner":2,"minecraft:tall_seagrass":3,"minecraft:iron_ore":81,"minecraft:fire":20,"minecraft:iron_bars":2,"biomesoplenty:webbing":1,"minecraft:white_banner":1,"minecraft:iron_block":1,"minecraft:player_head":1,"minecraft:blackstone":1,"minecraft:powder_snow":25,"minecraft:clay":10,"minecraft:torch":25,"alexscaves:peering_coprolith":1,"minecraft:chest":2,"minecraft:cobblestone":38,"graveyard:skeleton_hand":1,"minecraft:sugar_cane":11,"minecraft:oak_planks":3,"minecraft:wall_torch":10,"alexscaves:thornwood_planks":2,"minecraft:skeleton_skull":1,"minecraft:wheat":59,"minecraft:grass":20,"biomesoplenty:clover":9,"minecraft:sand":84,"minecraft:dirt":116,"minecraft:wither_skeleton_skull":1,"minecraft:stonecutter":1,"minecraft:oak_leaves":8,"minecraft:deepslate":3,"minecraft:diamond_ore":1,"minecraft:white_stained_glass":4,"alexscaves:thornwood_branch":1,"minecraft:hay_block":33,"minecraft:furnace":12,"minecraft:packed_mud":8,"alexscaves:thornwood_stairs":1,"minecraft:acacia_wood":1,"minecraft:andesite":9,"treechop:chopped_log":19,"minecraft:gold_block":2,"minecraft:bell":1,"minecraft:bookshelf":51,"minecraft:potatoes":6,"minecraft:packed_ice":11,"minecraft:bamboo_sapling":1,"minecraft:bamboo":6,"irons_spellbooks:inscription_table":3,"minecraft:stone":1113,"alexscaves:porous_coprolith":3,"minecraft:snow_block":5,"minecraft:crafting_table":12,"minecraft:rose_bush":1,"minecraft:andesite_slab":1,"minecraft:copper_ore":2,"biomesoplenty:huge_clover_petal":8,"minecraft:deepslate_gold_ore":4,"minecraft:ice":10,"minecraft:white_carpet":2,"minecraft:birch_leaves":3,"minecraft:yellow_bed":1,"minecraft:coal_ore":120,"minecraft:gravel":3,"minecraft:cobweb":5,"minecraft:stone_bricks":2,"minecraft:fern":2},"minecraft:custom":{"minecraft:interact_with_crafting_table":50,"minecraft:open_barrel":126,"minecraft:leave_game":8,"minecraft:time_since_death":423100,"minecraft:sprint_one_cm":615139,"minecraft:damage_blocked_by_shield":2100,"minecraft:drop":65,"minecraft:play_time":423100,"minecraft:jump":8923,"minecraft:interact_with_brewingstand":1,"minecraft:walk_on_water_one_cm":68347,"minecraft:interact_with_furnace":112,"minecraft:interact_with_cartography_table":1,"minecraft:sleep_in_bed":28,"minecraft:waystone_activated":3,"minecraft:damage_dealt":21186,"minecraft:crouch_one_cm":80051,"minecraft:mob_kills":123,"minecraft:climb_one_cm":18361,"minecraft:walk_one_cm":1776793,"minecraft:damage_dealt_absorbed":165,"minecraft:sneak_time":23108,"minecraft:walk_under_water_one_cm":46184,"minecraft:boat_one_cm":403377,"minecraft:interact_with_lectern":1,"minecraft:interact_with_blast_furnace":3,"minecraft:total_world_time":423100,"minecraft:time_since_rest":9588,"minecraft:damage_taken":6094,"minecraft:swim_one_cm":79317,"minecraft:fly_one_cm":1336064,"minecraft:open_chest":250,"minecraft:fall_one_cm":200679},"minecraft:broken":{"minecraft:stone_pickaxe":1,"minecraft:stone_axe":1,"minecraft:iron_pickaxe":1,"minecraft:iron_helmet":1},"minecraft:crafted":{"minecraft:cooked_chicken":7,"biomesoplenty:redwood_slab":6,"minecraft:cooked_mutton":2,"minecraft:iron_boots":3,"minecraft:chest":36,"minecraft:stone_hoe":1,"sophisticatedbackpacks:backpack":4,"minecraft:cooked_porkchop":4,"minecraft:crafting_table":1,"minecraft:spruce_planks":16,"minecraft:wooden_pickaxe":1,"minecraft:baked_potato":50,"minecraft:iron_helmet":3,"minecraft:birch_planks":272,"minecraft:campfire":1,"minecraft:iron_chestplate":2,"minecraft:shield":2,"minecraft:stick":104,"minecraft:iron_ingot":100,"minecraft:iron_pickaxe":2,"minecraft:snow_block":18,"minecraft:gold_ingot":25,"minecraft:shears":1,"minecraft:coal":144,"vanillaplustools:stone_hammer":4,"minecraft:furnace":2,"minecraft:stone_pickaxe":39,"sophisticatedbackpacks:iron_backpack":2,"minecraft:cooked_beef":59,"biomesoplenty:redwood_door":3,"biomesoplenty:redwood_planks":112,"minecraft:iron_sword":1,"sophisticatedbackpacks:gold_backpack":2,"minecraft:bucket":1,"minecraft:stone_axe":2,"minecraft:bread":9,"minecraft:air":0,"minecraft:wooden_axe":1,"minecraft:iron_leggings":3,"minecraft:white_bed":3,"minecraft:torch":164},"minecraft:picked_up":{"minecraft:wheat":57,"minecraft:string":15,"minecraft:raw_copper":9,"minecraft:cooked_salmon":3,"minecraft:experience_bottle":1,"minecraft:oak_sign":1,"irons_spellbooks:arcane_essence":3,"minecraft:cobbled_deepslate":3,"minecraft:spruce_planks":1,"minecraft:rose_bush":1,"biomesoplenty:redwood_wood":68,"minecraft:coal_block":16,"irons_spellbooks:inscription_table":3,"minecraft:furnace":12,"minecraft:stick":36,"biomesoplenty:redwood_boat":4,"minecraft:torch":35,"minecraft:spruce_stairs":10,"minecraft:porkchop":6,"minecraft:dried_kelp":2,"irons_spellbooks:fire_rune":1,"aquamirae:esca":6,"alexscaves:corrodent_teeth":1,"minecraft:rotten_flesh":26,"minecraft:iron_block":1,"minecraft:iron_bars":1,"minecraft:snowball":48,"minecraft:cobblestone":1148,"minecraft:birch_log":132,"minecraft:feather":4,"minecraft:cooked_beef":2,"minecraft:andesite":9,"minecraft:potato":19,"alexscaves:thornwood_stairs":1,"minecraft:wither_skeleton_skull":1,"minecraft:dirt":126,"minecraft:lantern":6,"aquamirae:fin":10,"minecraft:bone":19,"minecraft:stonecutter":1,"minecraft:bow":1,"alexscaves:guano":2,"minecraft:wheat_seeds":168,"minecraft:raw_gold":4,"minecraft:bell":1,"minecraft:bamboo":20,"alexscaves:porous_coprolith":2,"minecraft:oak_planks":43,"minecraft:cooked_porkchop":1,"aquamirae:anglers_fang":1,"minecraft:sand":110,"minecraft:grass_block":1,"waystones:waystone":6,"minecraft:polished_blackstone_button":1,"minecraft:granite":22,"minecraft:bread":9,"minecraft:emerald":13,"minecraft:dark_oak_fence":1,"minecraft:andesite_slab":1,"sophisticatedbackpacks:gold_backpack":3,"minecraft:fishing_rod":1,"minecraft:charcoal":11,"minecraft:crafting_table":11,"minecraft:chicken":5,"minecraft:ladder":6,"minecraft:clay_ball":40,"minecraft:gold_block":2,"minecraft:iron_shovel":4,"minecraft:white_carpet":2,"minecraft:blackstone":1,"minecraft:beef":64,"minecraft:player_head":3,"minecraft:birch_sapling":51,"minecraft:sugar_cane":32,"minecraft:chest":2,"minecraft:egg":6,"minecraft:raw_iron":87,"alexscaves:guanostone":29,"minecraft:copper_ingot":1,"aquamirae:shell_horn":1,"minecraft:bowl":2,"minecraft:dark_oak_planks":3,"biomesoplenty:redwood_planks":1,"minecraft:arrow":18,"minecraft:hay_block":33,"sophisticatedbackpacks:copper_backpack":2,"biomesoplenty:redwood_sapling":5,"minecraft:mutton":3,"minecraft:skeleton_skull":1,"minecraft:white_wool":12,"minecraft:leather":53,"alexscaves:forsaken_idol":1,"minecraft:acacia_wood":1,"minecraft:filled_map":3,"minecraft:packed_mud":8,"minecraft:yellow_bed":1,"minecraft:gunpowder":4,"minecraft:paper":30,"minecraft:white_banner":2,"irons_spellbooks:rare_ink":2,"minecraft:stone_bricks":1,"alexscaves:thornwood_planks":2,"minecraft:iron_ingot":7,"minecraft:stone_pickaxe":1,"minecraft:cooked_chicken":1,"minecraft:cobweb":1,"alexscaves:coprolith":69,"minecraft:book":161,"minecraft:oak_slab":13,"minecraft:black_candle":2,"minecraft:gravel":5,"minecraft:white_bed":23,"minecraft:spruce_door":1,"minecraft:spider_eye":1,"minecraft:iron_helmet":1,"minecraft:coal":272,"minecraft:ender_pearl":2},"minecraft:used":{"minecraft:iron_shovel":5,"minecraft:oak_sign":1,"minecraft:chest":34,"minecraft:shield":32,"minecraft:iron_sword":305,"minecraft:player_head":1,"minecraft:iron_chestplate":1,"minecraft:mutton":1,"minecraft:snowball":16,"minecraft:lantern":2,"minecraft:packed_mud":8,"minecraft:iron_helmet":1,"minecraft:stone_bricks":1,"minecraft:bow":19,"minecraft:written_book":1,"minecraft:furnace":14,"minecraft:egg":1,"minecraft:potato":1,"minecraft:stone_pickaxe":268,"minecraft:oak_planks":1,"minecraft:wooden_pickaxe":46,"minecraft:sugar_cane":23,"minecraft:sand":30,"minecraft:crossbow":20,"minecraft:shears":1,"waystones:waystone":3,"alexscaves:guanostone":29,"minecraft:gravel":3,"minecraft:ice":4,"minecraft:cobweb":4,"minecraft:iron_bars":1,"minecraft:flint_and_steel":37,"alexscaves:thornwood_planks":2,"vanillaplustools:stone_hammer":114,"minecraft:cooked_salmon":4,"minecraft:cooked_chicken":8,"minecraft:torch":153,"minecraft:dirt":81,"minecraft:white_carpet":1,"minecraft:granite":19,"minecraft:wooden_axe":10,"alexscaves:coprolith":69,"minecraft:iron_axe":131,"biomesoplenty:redwood_boat":2,"minecraft:bamboo":20,"minecraft:acacia_wood":1,"alexscaves:thornwood_stairs":1,"minecraft:cooked_beef":58,"minecraft:cobbled_deepslate":3,"minecraft:iron_leggings":1,"minecraft:wheat_seeds":55,"minecraft:cooked_mutton":2,"minecraft:water_bucket":36,"minecraft:snow_block":17,"minecraft:baked_potato":50,"minecraft:andesite_slab":1,"minecraft:tnt":2,"minecraft:crafting_table":12,"minecraft:white_bed":22,"minecraft:diamond_shovel":217,"minecraft:iron_pickaxe":377,"alexscaves:porous_coprolith":1,"minecraft:stone_axe":177,"minecraft:cobblestone":268,"minecraft:cooked_porkchop":5,"minecraft:bucket":37,"minecraft:black_candle":2,"minecraft:pumpkin_pie":4,"minecraft:polished_blackstone_button":1},"minecraft:killed":{"graveyard:skeleton_creeper":1,"irons_spellbooks:pyromancer":1,"minecraft:spider":4,"minecraft:skeleton":12,"alexscaves:underzealot":3,"minecraft:chicken":5,"minecraft:illusioner":1,"minecraft:pig":3,"minecraft:creeper":4,"minecraft:sheep":1,"minecraft:pillager":6,"irons_spellbooks:summoned_vex":1,"minecraft:zombie":21,"minecraft:cow":28,"irons_spellbooks:summoned_zombie":1,"minecraft:vindicator":11,"alexscaves:vesper":5,"minecraft:drowned":3,"graveyard:ghoul":1,"aquamirae:anglerfish":5,"minecraft:enderman":1}},"DataVersion":3465}