{"stats":{"minecraft:crafted":{"minecraft:crafting_table":1,"minecraft:stick":8,"biomesoplenty:redwood_planks":56,"minecraft:iron_ingot":2,"minecraft:wooden_pickaxe":1,"minecraft:stone_pickaxe":1,"minecraft:wooden_axe":1,"minecraft:white_bed":3,"biomesoplenty:redwood_slab":6,"minecraft:stone_axe":1,"minecraft:shears":1},"minecraft:killed":{"minecraft:sheep":1,"minecraft:zombie":3,"minecraft:chicken":4,"minecraft:cow":3},"minecraft:picked_up":{"minecraft:crafting_table":1,"minecraft:stick":2,"minecraft:raw_iron":11,"minecraft:feather":4,"minecraft:chicken":4,"minecraft:andesite":8,"minecraft:leather":1,"minecraft:dirt":5,"minecraft:rotten_flesh":4,"waystones:waystone":1,"minecraft:beef":3,"minecraft:granite":2,"biomesoplenty:redwood_sapling":5,"biomesoplenty:redwood_wood":31,"minecraft:mutton":2,"minecraft:coal":21,"minecraft:egg":1,"minecraft:white_wool":9,"minecraft:cobblestone":122},"minecraft:mined":{"minecraft:iron_ore":11,"minecraft:andesite":8,"minecraft:crafting_table":1,"minecraft:granite":2,"minecraft:grass":2,"biomesoplenty:clover":4,"minecraft:coal_ore":21,"minecraft:dirt":4,"minecraft:stone":119,"minecraft:spawner":1},"minecraft:dropped":{"biomesoplenty:redwood_planks":23,"minecraft:white_bed":2,"minecraft:egg":1},"minecraft:used":{"minecraft:wooden_axe":10,"minecraft:stone_pickaxe":121,"minecraft:wooden_pickaxe":46,"minecraft:stone_axe":15,"minecraft:crafting_table":1},"minecraft:custom":{"minecraft:time_since_rest":26075,"minecraft:interact_with_furnace":3,"minecraft:sprint_one_cm":3173,"minecraft:damage_taken":60,"minecraft:walk_one_cm":163058,"minecraft:mob_kills":11,"minecraft:drop":4,"minecraft:damage_dealt":1069,"minecraft:interact_with_crafting_table":3,"minecraft:fly_one_cm":6430,"minecraft:crouch_one_cm":6891,"minecraft:play_time":26075,"minecraft:sneak_time":1138,"minecraft:jump":503,"minecraft:leave_game":2,"minecraft:time_since_death":26075,"minecraft:total_world_time":26075,"minecraft:fall_one_cm":7032}},"DataVersion":3465}