{"stats":{"minecraft:killed":{"irons_spellbooks:summoned_zombie":1,"graveyard:skeleton_creeper":1,"irons_spellbooks:pyromancer":1,"alexscaves:vesper":5,"minecraft:spider":4,"minecraft:vindicator":11,"minecraft:skeleton":12,"alexscaves:underzealot":3,"minecraft:chicken":5,"minecraft:illusioner":1,"minecraft:drowned":3,"minecraft:pig":3,"graveyard:ghoul":1,"minecraft:creeper":4,"minecraft:sheep":1,"minecraft:pillager":6,"minecraft:zombie":20,"irons_spellbooks:summoned_vex":1,"aquamirae:anglerfish":5,"minecraft:enderman":1,"minecraft:cow":28},"minecraft:used":{"minecraft:iron_bars":1,"minecraft:iron_shovel":5,"minecraft:flint_and_steel":37,"minecraft:oak_sign":1,"alexscaves:thornwood_planks":2,"minecraft:chest":34,"minecraft:shield":32,"minecraft:iron_sword":297,"vanillaplustools:stone_hammer":107,"minecraft:cooked_salmon":4,"minecraft:cooked_chicken":8,"minecraft:player_head":1,"minecraft:torch":125,"minecraft:iron_chestplate":1,"minecraft:dirt":81,"minecraft:mutton":1,"minecraft:white_carpet":1,"minecraft:snowball":16,"minecraft:granite":19,"minecraft:wooden_axe":10,"alexscaves:coprolith":69,"minecraft:lantern":2,"minecraft:iron_axe":131,"minecraft:packed_mud":8,"minecraft:iron_helmet":1,"biomesoplenty:redwood_boat":2,"minecraft:stone_bricks":1,"minecraft:bow":19,"minecraft:written_book":1,"minecraft:acacia_wood":1,"minecraft:furnace":14,"minecraft:egg":1,"minecraft:potato":1,"alexscaves:thornwood_stairs":1,"minecraft:cooked_beef":53,"minecraft:cobbled_deepslate":3,"minecraft:iron_leggings":1,"minecraft:wheat_seeds":55,"minecraft:cooked_mutton":2,"minecraft:water_bucket":36,"minecraft:baked_potato":50,"minecraft:snow_block":17,"minecraft:oak_planks":1,"minecraft:stone_pickaxe":268,"minecraft:andesite_slab":1,"minecraft:wooden_pickaxe":46,"minecraft:sand":30,"minecraft:tnt":2,"minecraft:crafting_table":12,"minecraft:crossbow":20,"minecraft:white_bed":22,"minecraft:shears":1,"waystones:waystone":3,"minecraft:diamond_shovel":207,"minecraft:iron_pickaxe":377,"alexscaves:guanostone":29,"minecraft:gravel":3,"alexscaves:porous_coprolith":1,"minecraft:stone_axe":177,"minecraft:cobblestone":250,"minecraft:cooked_porkchop":5,"minecraft:ice":4,"minecraft:black_candle":2,"minecraft:bucket":37,"minecraft:polished_blackstone_button":1,"minecraft:pumpkin_pie":4,"minecraft:cobweb":4},"minecraft:custom":{"minecraft:mob_kills":122,"minecraft:interact_with_crafting_table":47,"minecraft:open_barrel":126,"minecraft:leave_game":7,"minecraft:time_since_death":401575,"minecraft:climb_one_cm":18361,"minecraft:sprint_one_cm":550252,"minecraft:walk_one_cm":1733098,"minecraft:damage_blocked_by_shield":2100,"minecraft:drop":61,"minecraft:damage_dealt_absorbed":165,"minecraft:play_time":401575,"minecraft:sneak_time":22784,"minecraft:walk_under_water_one_cm":44078,"minecraft:boat_one_cm":403377,"minecraft:interact_with_lectern":1,"minecraft:interact_with_brewingstand":1,"minecraft:jump":8260,"minecraft:interact_with_blast_furnace":3,"minecraft:walk_on_water_one_cm":64757,"minecraft:total_world_time":401575,"minecraft:interact_with_furnace":107,"minecraft:interact_with_cartography_table":1,"minecraft:sleep_in_bed":27,"minecraft:waystone_activated":3,"minecraft:time_since_rest":2791,"minecraft:damage_taken":6028,"minecraft:damage_dealt":20987,"minecraft:swim_one_cm":76080,"minecraft:fly_one_cm":1165593,"minecraft:open_chest":225,"minecraft:crouch_one_cm":78651,"minecraft:fall_one_cm":182476},"minecraft:dropped":{"minecraft:iron_ingot":1,"minecraft:wheat_seeds":110,"minecraft:iron_helmet":2,"biomesoplenty:redwood_boat":2,"minecraft:granite":3,"minecraft:grass_block":1,"minecraft:coal":4,"minecraft:mushroom_stew":5,"minecraft:emerald":24,"sophisticatedbackpacks:gold_backpack":3,"minecraft:wooden_axe":1,"minecraft:rose_bush":1,"minecraft:iron_leggings":2,"minecraft:birch_log":64,"minecraft:iron_shovel":4,"minecraft:paper":30,"alexscaves:porous_coprolith":1,"minecraft:sugar_cane":1,"artifacts:villager_hat":1,"biomesoplenty:redwood_planks":24,"minecraft:iron_boots":2,"sophisticatedbackpacks:backpack":2,"minecraft:white_bed":4,"minecraft:filled_map":3,"minecraft:potato":10,"minecraft:spruce_planks":1,"minecraft:iron_chestplate":1,"minecraft:charcoal":13,"minecraft:andesite":9,"sophisticatedbackpacks:copper_backpack":2,"minecraft:bow":1,"minecraft:stone_pickaxe":1,"minecraft:wooden_pickaxe":1,"minecraft:written_book":1,"minecraft:egg":1},"minecraft:broken":{"minecraft:stone_pickaxe":1,"minecraft:stone_axe":1,"minecraft:iron_pickaxe":1,"minecraft:iron_helmet":1},"minecraft:mined":{"alexscaves:guanostone":32,"minecraft:dark_oak_planks":5,"minecraft:diamond_ore":1,"minecraft:spruce_planks":3,"alexscaves:forsaken_idol":1,"minecraft:white_bed":22,"minecraft:granite":14,"minecraft:grass_block":6,"minecraft:white_stained_glass":4,"minecraft:coal_block":16,"alexscaves:coprolith":76,"alexscaves:thornwood_branch":1,"minecraft:spawner":2,"minecraft:hay_block":33,"minecraft:tall_seagrass":3,"minecraft:packed_mud":8,"minecraft:furnace":12,"alexscaves:thornwood_stairs":1,"minecraft:iron_ore":81,"minecraft:fire":20,"minecraft:acacia_wood":1,"minecraft:andesite":9,"treechop:chopped_log":19,"minecraft:gold_block":2,"minecraft:bell":1,"minecraft:bookshelf":51,"minecraft:potatoes":6,"biomesoplenty:webbing":1,"minecraft:iron_bars":2,"minecraft:packed_ice":11,"minecraft:iron_block":1,"irons_spellbooks:inscription_table":3,"minecraft:stone":1092,"minecraft:white_banner":1,"minecraft:player_head":1,"minecraft:blackstone":1,"alexscaves:porous_coprolith":3,"minecraft:snow_block":5,"minecraft:powder_snow":25,"minecraft:torch":20,"minecraft:crafting_table":12,"minecraft:chest":2,"alexscaves:peering_coprolith":1,"minecraft:andesite_slab":1,"minecraft:rose_bush":1,"graveyard:skeleton_hand":1,"minecraft:copper_ore":2,"minecraft:cobblestone":31,"minecraft:deepslate_gold_ore":4,"minecraft:oak_planks":3,"minecraft:wall_torch":10,"alexscaves:thornwood_planks":2,"minecraft:skeleton_skull":1,"minecraft:wheat":59,"minecraft:ice":10,"minecraft:white_carpet":2,"minecraft:birch_leaves":3,"minecraft:yellow_bed":1,"minecraft:grass":19,"biomesoplenty:clover":6,"minecraft:coal_ore":120,"minecraft:gravel":3,"minecraft:dirt":116,"minecraft:sand":84,"minecraft:cobweb":5,"minecraft:wither_skeleton_skull":1,"minecraft:stonecutter":1,"minecraft:stone_bricks":2,"minecraft:deepslate":3,"minecraft:oak_leaves":8,"minecraft:fern":2},"minecraft:crafted":{"vanillaplustools:stone_hammer":1,"minecraft:cooked_chicken":7,"minecraft:furnace":2,"biomesoplenty:redwood_slab":6,"minecraft:cooked_mutton":2,"minecraft:iron_boots":3,"minecraft:stone_pickaxe":12,"minecraft:chest":36,"sophisticatedbackpacks:iron_backpack":2,"minecraft:cooked_beef":59,"sophisticatedbackpacks:backpack":4,"minecraft:cooked_porkchop":4,"biomesoplenty:redwood_door":3,"minecraft:crafting_table":1,"biomesoplenty:redwood_planks":112,"minecraft:wooden_pickaxe":1,"minecraft:iron_helmet":3,"minecraft:baked_potato":50,"minecraft:iron_sword":1,"minecraft:birch_planks":272,"sophisticatedbackpacks:gold_backpack":2,"minecraft:bucket":1,"minecraft:stone_axe":2,"minecraft:bread":9,"minecraft:air":0,"minecraft:iron_chestplate":2,"minecraft:shield":2,"minecraft:stick":40,"minecraft:iron_ingot":100,"minecraft:iron_pickaxe":2,"minecraft:wooden_axe":1,"minecraft:snow_block":18,"minecraft:iron_leggings":3,"minecraft:gold_ingot":25,"minecraft:white_bed":3,"minecraft:torch":164,"minecraft:shears":1},"minecraft:picked_up":{"sophisticatedbackpacks:gold_backpack":3,"minecraft:fishing_rod":1,"minecraft:charcoal":11,"minecraft:crafting_table":11,"minecraft:wheat":57,"minecraft:chicken":5,"minecraft:ladder":6,"minecraft:gold_block":2,"minecraft:string":15,"minecraft:raw_copper":9,"minecraft:cooked_salmon":3,"minecraft:white_carpet":2,"minecraft:iron_shovel":4,"minecraft:experience_bottle":1,"minecraft:blackstone":1,"minecraft:oak_sign":1,"irons_spellbooks:arcane_essence":3,"minecraft:cobbled_deepslate":3,"minecraft:spruce_planks":1,"minecraft:beef":64,"minecraft:rose_bush":1,"minecraft:chest":2,"minecraft:player_head":3,"biomesoplenty:redwood_wood":68,"minecraft:coal_block":16,"minecraft:sugar_cane":9,"minecraft:birch_sapling":47,"irons_spellbooks:inscription_table":3,"minecraft:furnace":12,"minecraft:egg":6,"minecraft:raw_iron":87,"minecraft:stick":36,"alexscaves:guanostone":29,"biomesoplenty:redwood_boat":4,"minecraft:copper_ingot":1,"aquamirae:shell_horn":1,"minecraft:torch":30,"minecraft:bowl":2,"minecraft:spruce_stairs":10,"minecraft:porkchop":6,"minecraft:dried_kelp":2,"irons_spellbooks:fire_rune":1,"aquamirae:esca":6,"minecraft:dark_oak_planks":3,"biomesoplenty:redwood_planks":1,"alexscaves:corrodent_teeth":1,"minecraft:arrow":18,"minecraft:rotten_flesh":24,"minecraft:hay_block":33,"minecraft:iron_block":1,"sophisticatedbackpacks:copper_backpack":2,"biomesoplenty:redwood_sapling":5,"minecraft:mutton":3,"minecraft:iron_bars":1,"minecraft:skeleton_skull":1,"minecraft:snowball":48,"minecraft:white_wool":12,"minecraft:cobblestone":1120,"minecraft:birch_log":132,"minecraft:feather":4,"minecraft:cooked_beef":2,"minecraft:andesite":9,"minecraft:leather":53,"minecraft:acacia_wood":1,"alexscaves:forsaken_idol":1,"minecraft:potato":19,"minecraft:filled_map":3,"minecraft:packed_mud":8,"minecraft:yellow_bed":1,"alexscaves:thornwood_stairs":1,"minecraft:gunpowder":4,"minecraft:wither_skeleton_skull":1,"minecraft:dirt":125,"minecraft:paper":30,"minecraft:lantern":6,"minecraft:white_banner":2,"aquamirae:fin":10,"irons_spellbooks:rare_ink":2,"minecraft:bone":19,"minecraft:stone_bricks":1,"minecraft:bow":1,"minecraft:stonecutter":1,"minecraft:wheat_seeds":167,"alexscaves:guano":2,"alexscaves:thornwood_planks":2,"minecraft:raw_gold":4,"minecraft:bell":1,"minecraft:iron_ingot":7,"minecraft:stone_pickaxe":1,"minecraft:cooked_chicken":1,"minecraft:cobweb":1,"minecraft:bamboo":11,"alexscaves:porous_coprolith":2,"minecraft:oak_planks":43,"alexscaves:coprolith":69,"minecraft:book":161,"minecraft:oak_slab":13,"minecraft:black_candle":2,"minecraft:cooked_porkchop":1,"aquamirae:anglers_fang":1,"minecraft:gravel":4,"minecraft:sand":110,"minecraft:white_bed":23,"minecraft:grass_block":1,"minecraft:spider_eye":1,"minecraft:spruce_door":1,"waystones:waystone":6,"minecraft:polished_blackstone_button":1,"minecraft:iron_helmet":1,"minecraft:granite":22,"minecraft:emerald":13,"minecraft:bread":9,"minecraft:dark_oak_fence":1,"minecraft:coal":272,"minecraft:andesite_slab":1,"minecraft:ender_pearl":2}},"DataVersion":3465}