{"stats":{"minecraft:crafted":{"minecraft:cooked_beef":3,"minecraft:cooked_porkchop":2,"minecraft:crafting_table":1,"minecraft:iron_helmet":3,"biomesoplenty:redwood_planks":60,"minecraft:wooden_pickaxe":1,"minecraft:cooked_chicken":7,"minecraft:furnace":1,"biomesoplenty:redwood_slab":6,"minecraft:stone_axe":1,"minecraft:cooked_mutton":2,"minecraft:air":0,"minecraft:iron_boots":3,"minecraft:iron_chestplate":2,"minecraft:shield":1,"minecraft:stick":12,"minecraft:iron_ingot":78,"minecraft:stone_pickaxe":3,"minecraft:wooden_axe":1,"minecraft:iron_leggings":3,"minecraft:white_bed":3,"minecraft:torch":16,"minecraft:shears":1},"minecraft:broken":{"minecraft:stone_pickaxe":1},"minecraft:killed":{"minecraft:spider":1,"minecraft:creeper":4,"minecraft:skeleton":2,"minecraft:sheep":1,"minecraft:zombie":11,"minecraft:chicken":5,"minecraft:cow":3},"minecraft:picked_up":{"minecraft:crafting_table":2,"minecraft:feather":4,"minecraft:chicken":5,"minecraft:andesite":9,"minecraft:leather":1,"minecraft:gunpowder":4,"minecraft:string":2,"minecraft:dirt":5,"minecraft:bone":1,"minecraft:beef":3,"minecraft:cooked_chicken":1,"biomesoplenty:redwood_wood":31,"minecraft:egg":2,"minecraft:furnace":1,"minecraft:raw_iron":67,"minecraft:stick":2,"minecraft:torch":1,"minecraft:white_bed":1,"minecraft:arrow":1,"minecraft:rotten_flesh":13,"waystones:waystone":2,"minecraft:granite":2,"biomesoplenty:redwood_sapling":5,"minecraft:mutton":2,"minecraft:coal":85,"minecraft:cobblestone":188,"minecraft:white_wool":9},"minecraft:mined":{"minecraft:white_bed":1,"minecraft:crafting_table":2,"minecraft:torch":1,"minecraft:granite":2,"minecraft:cobblestone":13,"minecraft:spawner":1,"minecraft:furnace":1,"minecraft:iron_ore":68,"minecraft:andesite":9,"minecraft:grass":3,"biomesoplenty:clover":4,"minecraft:coal_ore":85,"minecraft:dirt":4,"minecraft:stone":177},"minecraft:dropped":{"minecraft:iron_helmet":1,"biomesoplenty:redwood_planks":23,"minecraft:iron_boots":1,"minecraft:white_bed":2,"minecraft:mushroom_stew":5,"minecraft:iron_chestplate":1,"minecraft:iron_leggings":2,"minecraft:wooden_pickaxe":1,"minecraft:egg":1},"minecraft:custom":{"minecraft:interact_with_furnace":38,"minecraft:mob_kills":27,"minecraft:interact_with_cartography_table":1,"minecraft:interact_with_crafting_table":17,"minecraft:open_barrel":7,"minecraft:leave_game":2,"minecraft:time_since_death":62075,"minecraft:sleep_in_bed":1,"minecraft:time_since_rest":30539,"minecraft:waystone_activated":1,"minecraft:sprint_one_cm":10862,"minecraft:damage_taken":527,"minecraft:walk_one_cm":404010,"minecraft:drop":15,"minecraft:damage_dealt":4011,"minecraft:fly_one_cm":20920,"minecraft:open_chest":3,"minecraft:crouch_one_cm":12077,"minecraft:play_time":62075,"minecraft:sneak_time":2298,"minecraft:walk_under_water_one_cm":707,"minecraft:jump":1022,"minecraft:walk_on_water_one_cm":1449,"minecraft:total_world_time":62075,"minecraft:fall_one_cm":15061},"minecraft:used":{"minecraft:cooked_mutton":2,"minecraft:stone_pickaxe":268,"minecraft:wooden_pickaxe":46,"minecraft:cooked_chicken":4,"minecraft:iron_chestplate":1,"minecraft:torch":5,"minecraft:crafting_table":2,"minecraft:white_bed":1,"minecraft:granite":2,"waystones:waystone":1,"minecraft:wooden_axe":10,"minecraft:iron_pickaxe":48,"minecraft:stone_axe":54,"minecraft:cobblestone":46,"minecraft:furnace":2,"minecraft:cooked_porkchop":1,"minecraft:pumpkin_pie":1,"minecraft:egg":1,"minecraft:cooked_beef":3,"minecraft:iron_leggings":1}},"DataVersion":3465}