{"stats":{"minecraft:crafted":{"minecraft:cooked_beef":3,"minecraft:cooked_porkchop":2,"minecraft:crafting_table":1,"biomesoplenty:redwood_planks":60,"minecraft:wooden_pickaxe":1,"minecraft:cooked_chicken":3,"minecraft:furnace":1,"biomesoplenty:redwood_slab":6,"minecraft:stone_axe":1,"minecraft:cooked_mutton":2,"minecraft:air":0,"minecraft:iron_chestplate":1,"minecraft:shield":1,"minecraft:stick":12,"minecraft:iron_ingot":26,"minecraft:stone_pickaxe":3,"minecraft:wooden_axe":1,"minecraft:iron_leggings":2,"minecraft:white_bed":3,"minecraft:torch":16,"minecraft:shears":1},"minecraft:killed":{"minecraft:spider":1,"minecraft:creeper":3,"minecraft:sheep":1,"minecraft:zombie":7,"minecraft:chicken":5,"minecraft:cow":3},"minecraft:picked_up":{"minecraft:crafting_table":2,"minecraft:feather":4,"minecraft:chicken":5,"minecraft:andesite":9,"minecraft:leather":1,"minecraft:gunpowder":2,"minecraft:string":2,"minecraft:dirt":5,"minecraft:bone":1,"minecraft:beef":3,"minecraft:cooked_chicken":1,"biomesoplenty:redwood_wood":31,"minecraft:egg":2,"minecraft:furnace":1,"minecraft:raw_iron":47,"minecraft:stick":2,"minecraft:white_bed":1,"minecraft:rotten_flesh":9,"waystones:waystone":2,"minecraft:granite":2,"biomesoplenty:redwood_sapling":5,"minecraft:mutton":2,"minecraft:coal":77,"minecraft:cobblestone":161,"minecraft:white_wool":9},"minecraft:mined":{"minecraft:white_bed":1,"minecraft:crafting_table":2,"minecraft:granite":2,"minecraft:cobblestone":12,"minecraft:spawner":1,"minecraft:furnace":1,"minecraft:iron_ore":47,"minecraft:andesite":9,"minecraft:grass":3,"biomesoplenty:clover":4,"minecraft:coal_ore":76,"minecraft:dirt":4,"minecraft:stone":148},"minecraft:dropped":{"biomesoplenty:redwood_planks":23,"minecraft:white_bed":2,"minecraft:iron_leggings":2,"minecraft:wooden_pickaxe":1,"minecraft:egg":1},"minecraft:custom":{"minecraft:interact_with_furnace":28,"minecraft:mob_kills":20,"minecraft:interact_with_cartography_table":1,"minecraft:interact_with_crafting_table":13,"minecraft:open_barrel":4,"minecraft:leave_game":2,"minecraft:time_since_death":50075,"minecraft:sleep_in_bed":1,"minecraft:time_since_rest":18539,"minecraft:waystone_activated":1,"minecraft:sprint_one_cm":6563,"minecraft:damage_taken":371,"minecraft:walk_one_cm":309851,"minecraft:drop":7,"minecraft:damage_dealt":2502,"minecraft:fly_one_cm":11884,"minecraft:open_chest":1,"minecraft:crouch_one_cm":11118,"minecraft:play_time":50075,"minecraft:sneak_time":1978,"minecraft:walk_under_water_one_cm":707,"minecraft:jump":820,"minecraft:walk_on_water_one_cm":1449,"minecraft:total_world_time":50075,"minecraft:fall_one_cm":11270},"minecraft:used":{"minecraft:cooked_mutton":1,"minecraft:stone_pickaxe":256,"minecraft:wooden_pickaxe":46,"minecraft:cooked_chicken":4,"minecraft:iron_chestplate":1,"minecraft:torch":2,"minecraft:crafting_table":2,"minecraft:white_bed":1,"minecraft:granite":2,"waystones:waystone":1,"minecraft:wooden_axe":10,"minecraft:stone_axe":37,"minecraft:cobblestone":37,"minecraft:furnace":2,"minecraft:egg":1,"minecraft:cooked_beef":3}},"DataVersion":3465}