{"stats":{"minecraft:crafted":{"biomesoplenty:redwood_slab":6,"minecraft:stone_pickaxe":1,"minecraft:stick":4,"biomesoplenty:redwood_planks":56,"minecraft:wooden_pickaxe":1,"minecraft:wooden_axe":1},"minecraft:killed":{"minecraft:sheep":1,"minecraft:zombie":3},"minecraft:picked_up":{"minecraft:stick":2,"minecraft:rotten_flesh":4,"minecraft:andesite":3,"biomesoplenty:redwood_sapling":5,"biomesoplenty:redwood_wood":31,"minecraft:dirt":4,"minecraft:mutton":2,"minecraft:white_wool":1,"minecraft:cobblestone":35},"minecraft:mined":{"minecraft:dirt":4,"minecraft:stone":38,"minecraft:andesite":3,"minecraft:spawner":1},"minecraft:dropped":{"biomesoplenty:redwood_planks":23},"minecraft:used":{"minecraft:wooden_axe":10,"minecraft:wooden_pickaxe":46},"minecraft:custom":{"minecraft:time_since_rest":14075,"minecraft:crouch_one_cm":4718,"minecraft:sprint_one_cm":3101,"minecraft:play_time":14075,"minecraft:damage_taken":60,"minecraft:walk_one_cm":74441,"minecraft:sneak_time":814,"minecraft:mob_kills":4,"minecraft:drop":1,"minecraft:jump":242,"minecraft:damage_dealt":609,"minecraft:leave_game":2,"minecraft:time_since_death":14075,"minecraft:total_world_time":14075,"minecraft:interact_with_crafting_table":2,"minecraft:fall_one_cm":3419,"minecraft:fly_one_cm":5301}},"DataVersion":3465}