{"stats":{"minecraft:broken":{"minecraft:stone_pickaxe":1,"minecraft:stone_axe":1},"minecraft:killed":{"irons_spellbooks:summoned_zombie":1,"graveyard:skeleton_creeper":1,"minecraft:spider":1,"minecraft:vindicator":8,"minecraft:skeleton":2,"minecraft:chicken":5,"minecraft:creeper":4,"minecraft:sheep":1,"minecraft:pillager":3,"minecraft:zombie":15,"irons_spellbooks:summoned_vex":1,"aquamirae:anglerfish":3,"minecraft:enderman":1,"minecraft:cow":27},"minecraft:custom":{"minecraft:mob_kills":73,"minecraft:interact_with_crafting_table":36,"minecraft:open_barrel":26,"minecraft:leave_game":5,"minecraft:time_since_death":227575,"minecraft:climb_one_cm":12053,"minecraft:sprint_one_cm":218586,"minecraft:walk_one_cm":1157655,"minecraft:damage_blocked_by_shield":45,"minecraft:drop":38,"minecraft:play_time":227575,"minecraft:sneak_time":9915,"minecraft:walk_under_water_one_cm":15740,"minecraft:boat_one_cm":205533,"minecraft:interact_with_lectern":1,"minecraft:jump":4586,"minecraft:interact_with_brewingstand":1,"minecraft:walk_on_water_one_cm":29193,"minecraft:total_world_time":227575,"minecraft:interact_with_furnace":94,"minecraft:interact_with_cartography_table":1,"minecraft:sleep_in_bed":15,"minecraft:time_since_rest":10927,"minecraft:waystone_activated":1,"minecraft:damage_taken":2125,"minecraft:damage_dealt":11530,"minecraft:swim_one_cm":52563,"minecraft:fly_one_cm":506940,"minecraft:open_chest":42,"minecraft:crouch_one_cm":36083,"minecraft:fall_one_cm":93686},"minecraft:picked_up":{"sophisticatedbackpacks:gold_backpack":3,"minecraft:fishing_rod":1,"minecraft:charcoal":7,"minecraft:crafting_table":9,"minecraft:wheat":26,"minecraft:chicken":5,"minecraft:ladder":6,"minecraft:gold_block":1,"minecraft:string":10,"minecraft:cooked_salmon":3,"minecraft:white_carpet":2,"minecraft:iron_shovel":4,"minecraft:blackstone":1,"minecraft:oak_sign":1,"minecraft:spruce_planks":1,"minecraft:beef":61,"biomesoplenty:redwood_wood":68,"minecraft:sugar_cane":1,"minecraft:furnace":10,"minecraft:egg":6,"minecraft:stick":4,"minecraft:raw_iron":80,"biomesoplenty:redwood_boat":1,"minecraft:torch":10,"minecraft:bowl":2,"minecraft:spruce_stairs":10,"minecraft:dried_kelp":2,"aquamirae:esca":5,"biomesoplenty:redwood_planks":1,"minecraft:arrow":1,"minecraft:rotten_flesh":18,"biomesoplenty:redwood_sapling":5,"minecraft:mutton":3,"minecraft:iron_bars":1,"minecraft:cobblestone":219,"minecraft:skeleton_skull":1,"minecraft:white_wool":12,"minecraft:feather":4,"minecraft:cooked_beef":2,"minecraft:andesite":9,"minecraft:leather":53,"minecraft:potato":19,"minecraft:wither_skeleton_skull":1,"minecraft:gunpowder":4,"minecraft:paper":30,"minecraft:dirt":9,"minecraft:lantern":4,"minecraft:white_banner":2,"aquamirae:fin":7,"minecraft:bone":7,"minecraft:wheat_seeds":74,"minecraft:cobweb":1,"minecraft:cooked_chicken":1,"minecraft:oak_planks":43,"minecraft:book":72,"minecraft:oak_slab":13,"minecraft:black_candle":2,"minecraft:cooked_porkchop":1,"aquamirae:anglers_fang":1,"minecraft:gravel":1,"minecraft:sand":110,"minecraft:white_bed":13,"minecraft:grass_block":1,"minecraft:spruce_door":1,"waystones:waystone":5,"minecraft:polished_blackstone_button":1,"minecraft:iron_helmet":1,"minecraft:granite":13,"minecraft:emerald":6,"minecraft:bread":9,"minecraft:coal":204,"minecraft:ender_pearl":2},"minecraft:crafted":{"minecraft:cooked_chicken":7,"minecraft:furnace":2,"biomesoplenty:redwood_slab":6,"minecraft:cooked_mutton":2,"minecraft:iron_boots":3,"minecraft:stone_pickaxe":3,"minecraft:chest":3,"sophisticatedbackpacks:iron_backpack":1,"minecraft:cooked_beef":59,"sophisticatedbackpacks:backpack":3,"minecraft:cooked_porkchop":4,"biomesoplenty:redwood_door":3,"minecraft:crafting_table":1,"biomesoplenty:redwood_planks":104,"minecraft:iron_helmet":3,"minecraft:wooden_pickaxe":1,"minecraft:baked_potato":50,"minecraft:iron_sword":1,"sophisticatedbackpacks:gold_backpack":1,"minecraft:bucket":1,"minecraft:stone_axe":2,"minecraft:bread":9,"minecraft:air":0,"minecraft:iron_chestplate":2,"minecraft:shield":2,"minecraft:stick":20,"minecraft:iron_ingot":91,"minecraft:wooden_axe":1,"minecraft:snow_block":10,"minecraft:iron_leggings":3,"minecraft:gold_ingot":9,"minecraft:white_bed":3,"minecraft:torch":16,"minecraft:shears":1},"minecraft:mined":{"minecraft:diamond_ore":1,"minecraft:spruce_planks":1,"minecraft:white_bed":13,"minecraft:granite":5,"minecraft:grass_block":2,"minecraft:white_stained_glass":4,"minecraft:spawner":2,"minecraft:tall_seagrass":3,"minecraft:furnace":10,"minecraft:iron_ore":81,"minecraft:fire":6,"minecraft:andesite":9,"minecraft:gold_block":1,"minecraft:potatoes":6,"minecraft:bookshelf":24,"minecraft:iron_bars":1,"minecraft:packed_ice":1,"minecraft:white_banner":1,"minecraft:stone":199,"minecraft:blackstone":1,"minecraft:powder_snow":25,"minecraft:crafting_table":10,"minecraft:torch":6,"minecraft:cobblestone":16,"graveyard:skeleton_hand":1,"minecraft:oak_planks":3,"minecraft:wall_torch":4,"minecraft:skeleton_skull":1,"minecraft:wheat":27,"minecraft:ice":6,"minecraft:white_carpet":2,"minecraft:birch_leaves":3,"minecraft:grass":11,"biomesoplenty:clover":5,"minecraft:coal_ore":116,"minecraft:sand":84,"minecraft:dirt":4,"minecraft:cobweb":3,"minecraft:stone_bricks":2,"minecraft:wither_skeleton_skull":1,"minecraft:oak_leaves":8},"minecraft:used":{"minecraft:iron_bars":1,"minecraft:iron_shovel":5,"minecraft:flint_and_steel":9,"minecraft:oak_sign":1,"minecraft:shield":1,"minecraft:iron_sword":94,"minecraft:cooked_chicken":8,"minecraft:iron_chestplate":1,"minecraft:torch":16,"minecraft:dirt":2,"minecraft:mutton":1,"minecraft:white_carpet":1,"minecraft:granite":10,"minecraft:snowball":16,"minecraft:wooden_axe":10,"biomesoplenty:redwood_boat":1,"minecraft:written_book":1,"minecraft:furnace":9,"minecraft:egg":1,"minecraft:cooked_beef":19,"minecraft:potato":1,"minecraft:iron_leggings":1,"minecraft:wheat_seeds":27,"minecraft:cooked_mutton":2,"minecraft:water_bucket":2,"minecraft:snow_block":10,"minecraft:stone_pickaxe":268,"minecraft:oak_planks":1,"minecraft:baked_potato":15,"minecraft:wooden_pickaxe":46,"minecraft:sand":30,"minecraft:tnt":2,"minecraft:crafting_table":9,"minecraft:crossbow":2,"minecraft:white_bed":12,"minecraft:shears":1,"waystones:waystone":1,"minecraft:diamond_shovel":88,"minecraft:iron_pickaxe":143,"minecraft:stone_axe":131,"minecraft:cobblestone":122,"minecraft:cooked_porkchop":5,"minecraft:bucket":3,"minecraft:pumpkin_pie":4,"minecraft:black_candle":2,"minecraft:polished_blackstone_button":1,"minecraft:cobweb":2},"minecraft:dropped":{"minecraft:iron_helmet":2,"minecraft:granite":3,"minecraft:grass_block":1,"minecraft:mushroom_stew":5,"sophisticatedbackpacks:gold_backpack":3,"minecraft:wooden_axe":1,"minecraft:iron_leggings":2,"minecraft:iron_shovel":4,"minecraft:paper":30,"minecraft:sugar_cane":1,"biomesoplenty:redwood_planks":24,"minecraft:iron_boots":2,"sophisticatedbackpacks:backpack":2,"minecraft:white_bed":3,"minecraft:spruce_planks":1,"minecraft:iron_chestplate":1,"minecraft:andesite":9,"minecraft:wooden_pickaxe":1,"minecraft:written_book":1,"minecraft:egg":1}},"DataVersion":3465}