{"stats":{"minecraft:used":{"minecraft:iron_shovel":5,"farmersdelight:cabbage_seeds":21,"minecraft:oak_sign":1,"minecraft:chest":34,"farmersdelight:stove":1,"minecraft:shield":32,"minecraft:iron_sword":361,"minecraft:player_head":1,"minecraft:iron_chestplate":1,"minecraft:mutton":1,"securitycraft:keypad_item":1,"minecraft:carrot":42,"minecraft:snowball":16,"minecraft:lantern":2,"minecraft:packed_mud":8,"minecraft:iron_helmet":1,"minecraft:stone_bricks":1,"minecraft:bow":29,"minecraft:written_book":1,"minecraft:furnace":17,"minecraft:beetroot_seeds":68,"minecraft:egg":1,"minecraft:potato":266,"minecraft:stone_pickaxe":268,"minecraft:oak_planks":1,"minecraft:wooden_pickaxe":46,"minecraft:sugar_cane":23,"minecraft:glow_berries":5,"minecraft:sand":30,"minecraft:crossbow":20,"minecraft:shears":1,"waystones:waystone":3,"minecraft:bread":37,"alexscaves:guanostone":29,"minecraft:gravel":3,"minecraft:ice":4,"minecraft:cobweb":4,"minecraft:iron_bars":1,"minecraft:flint_and_steel":37,"alexscaves:thornwood_planks":2,"vanillaplustools:stone_hammer":465,"minecraft:cooked_salmon":4,"minecraft:stone_hoe":189,"minecraft:cooked_chicken":8,"minecraft:torch":275,"minecraft:dirt":90,"minecraft:white_carpet":1,"minecraft:hopper":1,"minecraft:granite":19,"minecraft:wooden_axe":10,"alexscaves:coprolith":69,"minecraft:iron_axe":235,"biomesoplenty:redwood_boat":2,"minecraft:bamboo":81,"alexscaves:spelunkery_table":1,"slashblade:slashblade_wood":212,"minecraft:acacia_wood":1,"alexscaves:thornwood_stairs":1,"minecraft:cooked_beef":58,"minecraft:cobbled_deepslate":2650,"minecraft:iron_leggings":1,"minecraft:wheat_seeds":505,"minecraft:cooked_mutton":2,"minecraft:water_bucket":43,"farmersdelight:skillet":1,"minecraft:snow_block":17,"minecraft:baked_potato":56,"minecraft:andesite_slab":1,"farmersdelight:onion":11,"minecraft:tnt":2,"minecraft:crafting_table":12,"minecraft:white_bed":22,"slashblade:slashblade_bamboo":631,"minecraft:diamond_pickaxe":16,"minecraft:diamond_shovel":273,"minecraft:iron_pickaxe":465,"alexscaves:porous_coprolith":1,"minecraft:stone_axe":177,"minecraft:cobblestone":297,"minecraft:cooked_porkchop":5,"minecraft:bucket":44,"minecraft:black_candle":2,"minecraft:pumpkin_pie":4,"minecraft:polished_blackstone_button":1},"minecraft:mined":{"minecraft:dark_oak_planks":5,"alexscaves:guanostone":32,"minecraft:spruce_planks":3,"alexscaves:forsaken_idol":1,"minecraft:white_bed":22,"minecraft:obsidian":11,"minecraft:cave_vines_plant":1,"minecraft:granite":14,"minecraft:grass_block":17,"minecraft:coal_block":16,"alexscaves:coprolith":76,"minecraft:spawner":2,"minecraft:tall_seagrass":3,"minecraft:iron_ore":83,"minecraft:cobbled_deepslate":70,"minecraft:fire":20,"minecraft:deepslate_lapis_ore":1,"minecraft:azure_bluet":31,"minecraft:cave_vines":1,"minecraft:iron_bars":2,"biomesoplenty:webbing":1,"minecraft:white_banner":1,"minecraft:iron_block":1,"minecraft:player_head":1,"minecraft:deepslate_redstone_ore":2,"minecraft:blackstone":1,"minecraft:powder_snow":25,"minecraft:clay":10,"minecraft:torch":67,"alexscaves:peering_coprolith":1,"minecraft:chest":2,"farmersdelight:cabbages":9,"minecraft:cobblestone":57,"graveyard:skeleton_hand":1,"minecraft:sugar_cane":17,"minecraft:oak_planks":3,"minecraft:wall_torch":17,"alexscaves:thornwood_planks":2,"minecraft:skeleton_skull":1,"minecraft:wheat":511,"minecraft:grass":65,"biomesoplenty:clover":102,"minecraft:beetroots":34,"minecraft:sand":84,"minecraft:dirt":118,"minecraft:wither_skeleton_skull":1,"minecraft:stonecutter":1,"minecraft:oak_leaves":8,"minecraft:deepslate":2651,"alexscaves:spelunkery_table":2,"minecraft:infested_deepslate":2,"minecraft:diamond_ore":1,"minecraft:tuff":105,"farmersdelight:onions":4,"minecraft:deepslate_diamond_ore":5,"minecraft:allium":1,"minecraft:white_stained_glass":4,"alexscaves:thornwood_branch":1,"minecraft:hay_block":33,"alexscaves:thornwood_stairs":1,"minecraft:furnace":15,"minecraft:packed_mud":8,"minecraft:carrots":22,"minecraft:acacia_wood":1,"minecraft:andesite":9,"treechop:chopped_log":33,"minecraft:gold_block":2,"minecraft:bell":1,"minecraft:bookshelf":52,"minecraft:potatoes":234,"biomesoplenty:high_grass":42,"minecraft:deepslate_iron_ore":17,"minecraft:packed_ice":11,"minecraft:bamboo_sapling":1,"minecraft:bamboo":88,"irons_spellbooks:inscription_table":3,"minecraft:stone":1113,"alexscaves:porous_coprolith":3,"minecraft:snow_block":5,"minecraft:crafting_table":12,"minecraft:rose_bush":1,"minecraft:andesite_slab":1,"biomesoplenty:high_grass_plant":18,"minecraft:copper_ore":2,"biomesoplenty:huge_clover_petal":78,"minecraft:deepslate_gold_ore":14,"minecraft:ice":10,"minecraft:white_carpet":2,"minecraft:birch_leaves":3,"minecraft:yellow_bed":1,"minecraft:coal_ore":123,"minecraft:gravel":55,"minecraft:cobweb":5,"minecraft:stone_bricks":2,"minecraft:fern":2},"minecraft:custom":{"minecraft:interact_with_crafting_table":76,"minecraft:open_barrel":127,"minecraft:leave_game":10,"minecraft:time_since_death":636909,"minecraft:sprint_one_cm":853219,"minecraft:damage_blocked_by_shield":2100,"minecraft:drop":73,"minecraft:play_time":636909,"minecraft:jump":11721,"minecraft:interact_with_brewingstand":1,"minecraft:walk_on_water_one_cm":120004,"minecraft:interact_with_furnace":140,"minecraft:interact_with_cartography_table":1,"minecraft:interact_with_loom":3,"minecraft:sleep_in_bed":28,"minecraft:waystone_activated":3,"minecraft:damage_dealt":36386,"minecraft:crouch_one_cm":113180,"minecraft:mob_kills":204,"minecraft:inspect_hopper":4,"minecraft:damage_dealt_resisted":48,"minecraft:climb_one_cm":20451,"minecraft:walk_one_cm":2786438,"minecraft:damage_dealt_absorbed":313,"minecraft:sneak_time":30867,"minecraft:walk_under_water_one_cm":59758,"minecraft:boat_one_cm":403377,"minecraft:interact_with_lectern":1,"minecraft:interact_with_blast_furnace":3,"minecraft:total_world_time":636909,"minecraft:time_since_rest":223397,"minecraft:damage_taken":7636,"minecraft:swim_one_cm":115578,"minecraft:fly_one_cm":1681538,"minecraft:open_chest":504,"minecraft:fall_one_cm":267303},"minecraft:killed":{"graveyard:skeleton_creeper":4,"irons_spellbooks:pyromancer":1,"minecraft:spider":10,"minecraft:skeleton":21,"alexscaves:underzealot":3,"minecraft:chicken":6,"minecraft:silverfish":2,"minecraft:illusioner":1,"irons_spellbooks:summoned_skeleton":1,"minecraft:pig":3,"irons_spellbooks:necromancer":2,"minecraft:creeper":11,"minecraft:sheep":1,"minecraft:pillager":6,"irons_spellbooks:summoned_vex":1,"minecraft:zombie":57,"minecraft:cow":28,"irons_spellbooks:summoned_zombie":6,"graveyard:nightmare":1,"minecraft:vindicator":11,"alexscaves:vesper":5,"minecraft:phantom":2,"minecraft:drowned":3,"graveyard:ghoul":1,"minecraft:bat":3,"aquamirae:anglerfish":5,"minecraft:enderman":2},"minecraft:crafted":{"minecraft:brick":40,"minecraft:cooked_chicken":7,"biomesoplenty:redwood_slab":6,"minecraft:stone":42,"securitycraft:keypad_item":2,"minecraft:heavy_weighted_pressure_plate":2,"minecraft:cooked_mutton":2,"minecraft:hopper":1,"minecraft:iron_boots":3,"minecraft:chest":37,"minecraft:bricks":4,"minecraft:stone_hoe":3,"farmersdelight:stove":1,"sophisticatedbackpacks:backpack":4,"minecraft:cooked_porkchop":4,"minecraft:crafting_table":1,"minecraft:spruce_planks":16,"minecraft:iron_helmet":3,"minecraft:wooden_pickaxe":1,"minecraft:baked_potato":50,"minecraft:birch_planks":272,"minecraft:campfire":1,"farmersdelight:skillet":1,"minecraft:iron_chestplate":2,"minecraft:diamond_pickaxe":1,"minecraft:shield":2,"minecraft:stick":408,"minecraft:iron_ingot":100,"minecraft:iron_pickaxe":2,"minecraft:snow_block":18,"minecraft:gold_ingot":25,"slashblade:proudsoul":1,"minecraft:shears":1,"minecraft:wooden_sword":12,"minecraft:coal":144,"vanillaplustools:stone_hammer":8,"slashblade:slashblade_bamboo":9,"minecraft:furnace":2,"minecraft:stone_button":16,"slashblade:slashblade_wood":12,"minecraft:stone_pickaxe":75,"sophisticatedbackpacks:iron_backpack":2,"minecraft:cooked_beef":59,"biomesoplenty:redwood_door":3,"biomesoplenty:redwood_planks":120,"minecraft:iron_sword":1,"sophisticatedbackpacks:gold_backpack":2,"minecraft:bucket":1,"minecraft:stone_axe":2,"minecraft:bread":73,"minecraft:air":0,"minecraft:wooden_axe":1,"minecraft:iron_leggings":3,"minecraft:white_bed":3,"minecraft:torch":420},"minecraft:dropped":{"sophisticatedbackpacks:gold_backpack":3,"minecraft:emerald":24,"minecraft:birch_log":64,"minecraft:sugar_cane":1,"minecraft:cobbled_deepslate":15,"minecraft:rotten_flesh":2,"artifacts:villager_hat":1,"minecraft:white_bed":4,"minecraft:azure_bluet":17,"minecraft:charcoal":13,"vanillaplustools:stone_hammer":3,"minecraft:written_book":1,"minecraft:egg":1,"minecraft:stone_hoe":1,"minecraft:iron_ingot":1,"minecraft:wheat_seeds":110,"minecraft:iron_helmet":2,"biomesoplenty:redwood_boat":2,"minecraft:granite":3,"minecraft:grass_block":1,"minecraft:coal":4,"minecraft:mushroom_stew":5,"minecraft:wooden_axe":1,"minecraft:rose_bush":1,"minecraft:iron_leggings":2,"alexscaves:porous_coprolith":1,"minecraft:iron_shovel":4,"minecraft:paper":30,"biomesoplenty:redwood_planks":24,"minecraft:iron_boots":2,"sophisticatedbackpacks:backpack":2,"minecraft:filled_map":3,"minecraft:potato":10,"minecraft:spruce_planks":1,"minecraft:iron_chestplate":1,"minecraft:andesite":9,"sophisticatedbackpacks:copper_backpack":2,"minecraft:bow":1,"minecraft:stone_pickaxe":1,"minecraft:wooden_pickaxe":1},"minecraft:picked_up":{"minecraft:wheat":456,"minecraft:string":16,"minecraft:raw_copper":9,"minecraft:cooked_salmon":3,"minecraft:experience_bottle":1,"minecraft:oak_sign":1,"minecraft:beetroot":22,"irons_spellbooks:arcane_essence":9,"minecraft:cobbled_deepslate":2684,"farmersdelight:cabbage":7,"minecraft:spruce_planks":1,"minecraft:rose_bush":1,"biomesoplenty:redwood_wood":68,"minecraft:coal_block":16,"irons_spellbooks:inscription_table":3,"minecraft:furnace":15,"farmersdelight:cabbage_seeds":24,"minecraft:stick":54,"biomesoplenty:redwood_boat":4,"minecraft:torch":84,"minecraft:spruce_stairs":10,"minecraft:porkchop":6,"minecraft:dried_kelp":2,"irons_spellbooks:fire_rune":1,"aquamirae:esca":6,"alexscaves:corrodent_teeth":1,"minecraft:rotten_flesh":60,"farmersdelight:onion":11,"minecraft:iron_block":1,"minecraft:obsidian":10,"minecraft:iron_bars":1,"minecraft:snowball":48,"minecraft:cobblestone":1167,"minecraft:birch_log":232,"minecraft:feather":5,"minecraft:cooked_beef":2,"minecraft:andesite":9,"minecraft:potato":842,"minecraft:flint":2,"minecraft:tuff":103,"alexscaves:thornwood_stairs":1,"minecraft:wither_skeleton_skull":1,"minecraft:lapis_lazuli":7,"minecraft:dirt":138,"minecraft:lantern":6,"aquamirae:fin":10,"minecraft:bone":23,"minecraft:stonecutter":1,"minecraft:bow":2,"alexscaves:guano":2,"minecraft:wheat_seeds":1331,"minecraft:raw_gold":14,"minecraft:bell":1,"minecraft:bamboo":763,"alexscaves:porous_coprolith":2,"minecraft:oak_planks":43,"minecraft:cooked_porkchop":1,"aquamirae:anglers_fang":1,"minecraft:poisonous_potato":1,"minecraft:sand":110,"minecraft:grass_block":1,"minecraft:diamond":5,"waystones:waystone":6,"minecraft:polished_blackstone_button":1,"minecraft:granite":22,"minecraft:emerald":13,"minecraft:bread":9,"minecraft:dark_oak_fence":1,"minecraft:andesite_slab":1,"minecraft:fishing_rod":1,"sophisticatedbackpacks:gold_backpack":3,"minecraft:charcoal":11,"minecraft:crafting_table":11,"minecraft:allium":1,"minecraft:azure_bluet":35,"minecraft:clay_ball":40,"minecraft:chicken":6,"minecraft:ladder":6,"minecraft:gold_block":2,"minecraft:iron_shovel":4,"minecraft:white_carpet":2,"minecraft:blackstone":1,"graveyard:corruption":5,"minecraft:beef":64,"minecraft:player_head":3,"minecraft:birch_sapling":80,"minecraft:sugar_cane":46,"minecraft:chest":2,"minecraft:egg":6,"minecraft:raw_iron":106,"alexscaves:guanostone":29,"minecraft:copper_ingot":1,"aquamirae:shell_horn":1,"minecraft:bowl":2,"sophisticatedbackpacks:backpack":1,"minecraft:carrot":82,"minecraft:redstone":9,"minecraft:dark_oak_planks":3,"biomesoplenty:redwood_planks":1,"minecraft:arrow":25,"minecraft:beetroot_seeds":76,"minecraft:hay_block":33,"alexscaves:spelunkery_table":2,"sophisticatedbackpacks:copper_backpack":2,"biomesoplenty:redwood_sapling":5,"minecraft:glow_berries":5,"minecraft:mutton":3,"minecraft:skeleton_skull":1,"minecraft:white_wool":12,"minecraft:leather":53,"alexscaves:forsaken_idol":1,"minecraft:acacia_wood":1,"minecraft:filled_map":3,"minecraft:packed_mud":8,"minecraft:yellow_bed":1,"minecraft:gunpowder":11,"minecraft:paper":30,"minecraft:white_banner":2,"irons_spellbooks:rare_ink":2,"minecraft:stone_bricks":1,"alexscaves:thornwood_planks":2,"minecraft:iron_ingot":7,"minecraft:stone_pickaxe":1,"minecraft:cooked_chicken":1,"minecraft:cobweb":1,"alexscaves:coprolith":69,"minecraft:book":164,"minecraft:oak_slab":13,"slashblade:proudsoul_tiny":11,"minecraft:black_candle":2,"minecraft:gravel":97,"minecraft:white_bed":23,"minecraft:spruce_door":1,"minecraft:spider_eye":1,"minecraft:iron_helmet":1,"minecraft:coal":337,"minecraft:ender_pearl":2},"minecraft:broken":{"minecraft:stone_pickaxe":1,"minecraft:stone_axe":1,"slashblade:slashblade_wood":3,"minecraft:stone_hoe":1,"slashblade:slashblade_bamboo":9,"vanillaplustools:stone_hammer":2,"minecraft:iron_pickaxe":1,"minecraft:iron_helmet":1}},"DataVersion":3465}