{"stats":{"minecraft:broken":{"minecraft:stone_pickaxe":1,"minecraft:stone_axe":1},"minecraft:killed":{"irons_spellbooks:summoned_zombie":1,"graveyard:skeleton_creeper":1,"minecraft:spider":1,"minecraft:creeper":4,"minecraft:skeleton":2,"minecraft:sheep":1,"minecraft:zombie":14,"minecraft:chicken":5,"minecraft:enderman":1,"minecraft:cow":11},"minecraft:custom":{"minecraft:interact_with_furnace":46,"minecraft:mob_kills":41,"minecraft:interact_with_crafting_table":23,"minecraft:interact_with_cartography_table":1,"minecraft:open_barrel":12,"minecraft:leave_game":4,"minecraft:time_since_death":118095,"minecraft:sleep_in_bed":6,"minecraft:climb_one_cm":4428,"minecraft:time_since_rest":0,"minecraft:waystone_activated":1,"minecraft:sprint_one_cm":58600,"minecraft:damage_taken":1383,"minecraft:walk_one_cm":728482,"minecraft:damage_blocked_by_shield":45,"minecraft:drop":30,"minecraft:damage_dealt":7088,"minecraft:swim_one_cm":4398,"minecraft:fly_one_cm":175840,"minecraft:open_chest":12,"minecraft:crouch_one_cm":19158,"minecraft:play_time":118095,"minecraft:sneak_time":4459,"minecraft:walk_under_water_one_cm":3422,"minecraft:interact_with_lectern":1,"minecraft:jump":2307,"minecraft:walk_on_water_one_cm":5164,"minecraft:total_world_time":118095,"minecraft:fall_one_cm":43363},"minecraft:picked_up":{"sophisticatedbackpacks:gold_backpack":3,"minecraft:crafting_table":5,"minecraft:feather":4,"minecraft:chicken":5,"minecraft:andesite":9,"minecraft:leather":9,"minecraft:gold_block":1,"minecraft:gunpowder":4,"minecraft:dirt":9,"minecraft:string":2,"minecraft:paper":30,"minecraft:bone":7,"minecraft:blackstone":1,"minecraft:beef":21,"minecraft:cooked_chicken":1,"biomesoplenty:redwood_wood":31,"minecraft:book":42,"minecraft:furnace":4,"minecraft:egg":5,"minecraft:stick":4,"minecraft:raw_iron":67,"minecraft:black_candle":2,"minecraft:torch":9,"minecraft:bowl":2,"minecraft:gravel":1,"minecraft:white_bed":7,"minecraft:grass_block":1,"biomesoplenty:redwood_planks":1,"minecraft:arrow":1,"minecraft:rotten_flesh":16,"waystones:waystone":3,"minecraft:polished_blackstone_button":1,"minecraft:iron_helmet":1,"minecraft:granite":11,"minecraft:emerald":1,"biomesoplenty:redwood_sapling":5,"minecraft:mutton":3,"minecraft:coal":121,"minecraft:skeleton_skull":1,"minecraft:white_wool":12,"minecraft:cobblestone":200,"minecraft:ender_pearl":2},"minecraft:mined":{"minecraft:white_bed":6,"minecraft:blackstone":1,"minecraft:torch":5,"minecraft:crafting_table":5,"minecraft:granite":5,"minecraft:grass_block":2,"graveyard:skeleton_hand":1,"minecraft:cobblestone":16,"minecraft:wall_torch":4,"minecraft:spawner":2,"minecraft:skeleton_skull":1,"minecraft:furnace":4,"minecraft:iron_ore":68,"minecraft:andesite":9,"minecraft:bookshelf":14,"minecraft:gold_block":1,"minecraft:grass":9,"biomesoplenty:clover":5,"minecraft:coal_ore":115,"minecraft:dirt":4,"minecraft:stone":187,"minecraft:oak_leaves":6},"minecraft:crafted":{"minecraft:cooked_beef":14,"sophisticatedbackpacks:backpack":1,"minecraft:cooked_porkchop":2,"minecraft:crafting_table":1,"biomesoplenty:redwood_planks":72,"minecraft:cooked_chicken":7,"minecraft:iron_helmet":3,"minecraft:wooden_pickaxe":1,"minecraft:iron_sword":1,"minecraft:furnace":2,"biomesoplenty:redwood_slab":6,"sophisticatedbackpacks:gold_backpack":1,"minecraft:stone_axe":2,"minecraft:cooked_mutton":2,"minecraft:air":0,"minecraft:iron_chestplate":2,"minecraft:iron_boots":3,"minecraft:shield":1,"minecraft:stick":20,"minecraft:iron_ingot":78,"minecraft:stone_pickaxe":3,"minecraft:wooden_axe":1,"minecraft:chest":1,"minecraft:gold_ingot":9,"minecraft:iron_leggings":3,"minecraft:white_bed":3,"minecraft:torch":16,"minecraft:shears":1,"sophisticatedbackpacks:iron_backpack":1},"minecraft:used":{"minecraft:cooked_mutton":2,"minecraft:stone_pickaxe":268,"minecraft:wooden_pickaxe":46,"minecraft:shield":1,"minecraft:iron_sword":35,"minecraft:cooked_chicken":8,"minecraft:iron_chestplate":1,"minecraft:torch":15,"minecraft:dirt":2,"minecraft:mutton":1,"minecraft:crafting_table":4,"minecraft:white_bed":7,"minecraft:granite":2,"waystones:waystone":1,"minecraft:wooden_axe":10,"minecraft:iron_pickaxe":104,"minecraft:stone_axe":90,"minecraft:cobblestone":76,"minecraft:written_book":1,"minecraft:furnace":3,"minecraft:cooked_porkchop":2,"minecraft:cobweb":1,"minecraft:polished_blackstone_button":1,"minecraft:black_candle":2,"minecraft:pumpkin_pie":4,"minecraft:egg":1,"minecraft:cooked_beef":14,"minecraft:iron_leggings":1},"minecraft:dropped":{"minecraft:iron_helmet":2,"biomesoplenty:redwood_planks":24,"minecraft:iron_boots":2,"minecraft:granite":3,"minecraft:white_bed":3,"minecraft:grass_block":1,"minecraft:mushroom_stew":5,"sophisticatedbackpacks:gold_backpack":3,"minecraft:iron_chestplate":1,"minecraft:wooden_axe":1,"minecraft:andesite":9,"minecraft:iron_leggings":2,"minecraft:wooden_pickaxe":1,"minecraft:paper":30,"minecraft:written_book":1,"minecraft:egg":1}},"DataVersion":3465}