{"stats":{"minecraft:broken":{"minecraft:stone_pickaxe":1,"minecraft:stone_axe":1,"minecraft:iron_pickaxe":1},"minecraft:killed":{"irons_spellbooks:summoned_zombie":1,"graveyard:skeleton_creeper":1,"alexscaves:vesper":3,"minecraft:spider":4,"minecraft:vindicator":10,"minecraft:skeleton":8,"minecraft:chicken":5,"minecraft:illusioner":1,"minecraft:drowned":3,"graveyard:ghoul":1,"minecraft:creeper":4,"minecraft:sheep":1,"minecraft:pillager":6,"minecraft:zombie":20,"irons_spellbooks:summoned_vex":1,"aquamirae:anglerfish":5,"minecraft:enderman":1,"minecraft:cow":27},"minecraft:custom":{"minecraft:mob_kills":106,"minecraft:interact_with_crafting_table":44,"minecraft:open_barrel":99,"minecraft:leave_game":5,"minecraft:time_since_death":311575,"minecraft:climb_one_cm":17454,"minecraft:sprint_one_cm":388835,"minecraft:walk_one_cm":1409464,"minecraft:damage_blocked_by_shield":1905,"minecraft:drop":49,"minecraft:damage_dealt_absorbed":165,"minecraft:play_time":311575,"minecraft:sneak_time":16657,"minecraft:walk_under_water_one_cm":19715,"minecraft:boat_one_cm":330603,"minecraft:interact_with_lectern":1,"minecraft:jump":6563,"minecraft:interact_with_brewingstand":1,"minecraft:interact_with_blast_furnace":3,"minecraft:walk_on_water_one_cm":46008,"minecraft:total_world_time":311575,"minecraft:interact_with_furnace":106,"minecraft:interact_with_cartography_table":1,"minecraft:sleep_in_bed":19,"minecraft:time_since_rest":14853,"minecraft:waystone_activated":1,"minecraft:damage_taken":4771,"minecraft:damage_dealt":17955,"minecraft:swim_one_cm":59697,"minecraft:fly_one_cm":883656,"minecraft:open_chest":82,"minecraft:crouch_one_cm":56909,"minecraft:fall_one_cm":145597},"minecraft:picked_up":{"sophisticatedbackpacks:gold_backpack":3,"minecraft:fishing_rod":1,"minecraft:charcoal":11,"minecraft:crafting_table":11,"minecraft:wheat":57,"minecraft:chicken":5,"minecraft:ladder":6,"minecraft:gold_block":1,"minecraft:string":15,"minecraft:cooked_salmon":3,"minecraft:white_carpet":2,"minecraft:iron_shovel":4,"minecraft:experience_bottle":1,"minecraft:blackstone":1,"minecraft:oak_sign":1,"minecraft:spruce_planks":1,"minecraft:beef":61,"minecraft:player_head":3,"minecraft:coal_block":16,"biomesoplenty:redwood_wood":68,"minecraft:sugar_cane":9,"irons_spellbooks:inscription_table":1,"minecraft:furnace":12,"minecraft:egg":6,"minecraft:stick":4,"minecraft:raw_iron":87,"alexscaves:guanostone":16,"biomesoplenty:redwood_boat":2,"minecraft:copper_ingot":1,"aquamirae:shell_horn":1,"minecraft:torch":14,"minecraft:bowl":2,"minecraft:spruce_stairs":10,"minecraft:dried_kelp":2,"aquamirae:esca":6,"minecraft:dark_oak_planks":3,"biomesoplenty:redwood_planks":1,"alexscaves:corrodent_teeth":1,"minecraft:arrow":11,"minecraft:rotten_flesh":24,"minecraft:hay_block":12,"minecraft:iron_block":1,"sophisticatedbackpacks:copper_backpack":2,"biomesoplenty:redwood_sapling":5,"minecraft:snowball":48,"minecraft:mutton":3,"minecraft:iron_bars":1,"minecraft:cobblestone":236,"minecraft:skeleton_skull":1,"minecraft:white_wool":12,"minecraft:feather":4,"minecraft:cooked_beef":2,"minecraft:andesite":9,"minecraft:leather":53,"minecraft:acacia_wood":1,"minecraft:potato":19,"minecraft:packed_mud":3,"minecraft:filled_map":2,"alexscaves:thornwood_stairs":1,"minecraft:yellow_bed":1,"minecraft:wither_skeleton_skull":1,"minecraft:gunpowder":4,"minecraft:paper":30,"minecraft:dirt":12,"minecraft:lantern":6,"minecraft:white_banner":2,"aquamirae:fin":10,"minecraft:bone":13,"minecraft:stonecutter":1,"minecraft:bow":1,"minecraft:wheat_seeds":165,"alexscaves:thornwood_planks":2,"minecraft:bell":1,"minecraft:iron_ingot":7,"minecraft:cobweb":1,"minecraft:cooked_chicken":1,"minecraft:bamboo":11,"alexscaves:porous_coprolith":2,"alexscaves:coprolith":55,"minecraft:oak_planks":43,"minecraft:book":98,"minecraft:oak_slab":13,"minecraft:black_candle":2,"minecraft:cooked_porkchop":1,"aquamirae:anglers_fang":1,"minecraft:gravel":4,"minecraft:sand":110,"minecraft:white_bed":18,"minecraft:grass_block":1,"minecraft:spider_eye":1,"minecraft:spruce_door":1,"waystones:waystone":6,"minecraft:polished_blackstone_button":1,"minecraft:iron_helmet":1,"minecraft:granite":13,"minecraft:emerald":12,"minecraft:bread":9,"minecraft:coal":268,"minecraft:ender_pearl":2},"minecraft:crafted":{"minecraft:cooked_chicken":7,"minecraft:furnace":2,"biomesoplenty:redwood_slab":6,"minecraft:cooked_mutton":2,"minecraft:iron_boots":3,"minecraft:stone_pickaxe":3,"minecraft:chest":4,"sophisticatedbackpacks:iron_backpack":2,"minecraft:cooked_beef":59,"sophisticatedbackpacks:backpack":4,"minecraft:cooked_porkchop":4,"biomesoplenty:redwood_door":3,"minecraft:crafting_table":1,"biomesoplenty:redwood_planks":112,"minecraft:iron_helmet":3,"minecraft:wooden_pickaxe":1,"minecraft:baked_potato":50,"minecraft:iron_sword":1,"sophisticatedbackpacks:gold_backpack":2,"minecraft:bucket":1,"minecraft:stone_axe":2,"minecraft:bread":9,"minecraft:air":0,"minecraft:iron_chestplate":2,"minecraft:shield":2,"minecraft:stick":20,"minecraft:iron_ingot":100,"minecraft:iron_pickaxe":2,"minecraft:wooden_axe":1,"minecraft:snow_block":18,"minecraft:iron_leggings":3,"minecraft:gold_ingot":16,"minecraft:white_bed":3,"minecraft:torch":16,"minecraft:shears":1},"minecraft:mined":{"alexscaves:guanostone":18,"minecraft:dark_oak_planks":5,"minecraft:diamond_ore":1,"minecraft:spruce_planks":3,"minecraft:white_bed":18,"minecraft:granite":5,"minecraft:grass_block":2,"minecraft:white_stained_glass":4,"minecraft:coal_block":16,"alexscaves:coprolith":60,"minecraft:spawner":2,"minecraft:hay_block":12,"minecraft:tall_seagrass":3,"minecraft:packed_mud":3,"minecraft:furnace":12,"alexscaves:thornwood_stairs":1,"minecraft:iron_ore":81,"minecraft:fire":17,"minecraft:acacia_wood":1,"minecraft:andesite":9,"minecraft:gold_block":1,"minecraft:bell":1,"minecraft:potatoes":6,"minecraft:bookshelf":32,"biomesoplenty:webbing":1,"minecraft:iron_bars":2,"minecraft:packed_ice":11,"irons_spellbooks:inscription_table":1,"minecraft:iron_block":1,"minecraft:white_banner":1,"minecraft:stone":212,"minecraft:player_head":1,"alexscaves:porous_coprolith":1,"minecraft:blackstone":1,"minecraft:snow_block":5,"minecraft:powder_snow":25,"minecraft:crafting_table":12,"minecraft:torch":9,"alexscaves:peering_coprolith":1,"minecraft:cobblestone":21,"graveyard:skeleton_hand":1,"minecraft:oak_planks":3,"minecraft:wall_torch":4,"alexscaves:thornwood_planks":2,"minecraft:skeleton_skull":1,"minecraft:wheat":59,"minecraft:ice":10,"minecraft:white_carpet":2,"minecraft:birch_leaves":3,"minecraft:yellow_bed":1,"minecraft:grass":12,"biomesoplenty:clover":5,"minecraft:coal_ore":116,"minecraft:gravel":3,"minecraft:sand":84,"minecraft:dirt":7,"minecraft:cobweb":5,"minecraft:stonecutter":1,"minecraft:stone_bricks":2,"minecraft:wither_skeleton_skull":1,"minecraft:oak_leaves":8,"minecraft:fern":1},"minecraft:used":{"minecraft:iron_bars":1,"minecraft:iron_shovel":5,"minecraft:flint_and_steel":14,"minecraft:oak_sign":1,"minecraft:shield":29,"minecraft:iron_sword":233,"minecraft:cooked_salmon":4,"minecraft:player_head":1,"minecraft:cooked_chicken":8,"minecraft:iron_chestplate":1,"minecraft:torch":23,"minecraft:dirt":2,"minecraft:mutton":1,"minecraft:white_carpet":1,"minecraft:granite":10,"minecraft:snowball":16,"minecraft:wooden_axe":10,"alexscaves:coprolith":15,"minecraft:lantern":2,"biomesoplenty:redwood_boat":1,"minecraft:written_book":1,"minecraft:furnace":11,"minecraft:acacia_wood":1,"minecraft:egg":1,"minecraft:cooked_beef":34,"minecraft:potato":1,"minecraft:iron_leggings":1,"minecraft:wheat_seeds":55,"minecraft:cooked_mutton":2,"minecraft:water_bucket":5,"minecraft:snow_block":17,"minecraft:stone_pickaxe":268,"minecraft:oak_planks":1,"minecraft:baked_potato":50,"minecraft:wooden_pickaxe":46,"minecraft:sand":30,"minecraft:tnt":2,"minecraft:crafting_table":10,"minecraft:crossbow":20,"minecraft:white_bed":17,"minecraft:shears":1,"waystones:waystone":1,"minecraft:diamond_shovel":98,"minecraft:iron_pickaxe":280,"minecraft:stone_axe":155,"minecraft:cobblestone":171,"minecraft:cooked_porkchop":5,"minecraft:ice":4,"minecraft:bucket":6,"minecraft:pumpkin_pie":4,"minecraft:black_candle":2,"minecraft:polished_blackstone_button":1,"minecraft:cobweb":4},"minecraft:dropped":{"minecraft:iron_ingot":1,"minecraft:wheat_seeds":63,"minecraft:iron_helmet":2,"biomesoplenty:redwood_boat":1,"minecraft:granite":3,"minecraft:grass_block":1,"minecraft:mushroom_stew":5,"minecraft:emerald":24,"sophisticatedbackpacks:gold_backpack":3,"minecraft:wooden_axe":1,"minecraft:iron_leggings":2,"alexscaves:porous_coprolith":1,"minecraft:iron_shovel":4,"minecraft:paper":30,"minecraft:sugar_cane":1,"artifacts:villager_hat":1,"biomesoplenty:redwood_planks":24,"minecraft:iron_boots":2,"sophisticatedbackpacks:backpack":2,"minecraft:white_bed":3,"minecraft:filled_map":2,"minecraft:spruce_planks":1,"minecraft:iron_chestplate":1,"minecraft:andesite":9,"sophisticatedbackpacks:copper_backpack":2,"minecraft:bow":1,"minecraft:wooden_pickaxe":1,"minecraft:written_book":1,"minecraft:egg":1}},"DataVersion":3465}