{"stats":{"minecraft:broken":{"minecraft:stone_pickaxe":1,"minecraft:stone_axe":1},"minecraft:killed":{"irons_spellbooks:summoned_zombie":1,"graveyard:skeleton_creeper":1,"minecraft:spider":1,"minecraft:creeper":4,"minecraft:skeleton":2,"minecraft:sheep":1,"irons_spellbooks:summoned_vex":1,"minecraft:zombie":15,"minecraft:chicken":5,"minecraft:enderman":1,"minecraft:cow":11},"minecraft:custom":{"minecraft:interact_with_furnace":52,"minecraft:mob_kills":43,"minecraft:interact_with_crafting_table":29,"minecraft:interact_with_cartography_table":1,"minecraft:open_barrel":12,"minecraft:leave_game":4,"minecraft:time_since_death":130095,"minecraft:sleep_in_bed":7,"minecraft:climb_one_cm":4444,"minecraft:time_since_rest":10535,"minecraft:waystone_activated":1,"minecraft:sprint_one_cm":58600,"minecraft:damage_taken":1413,"minecraft:walk_one_cm":782329,"minecraft:damage_blocked_by_shield":45,"minecraft:drop":32,"minecraft:damage_dealt":7242,"minecraft:swim_one_cm":4398,"minecraft:fly_one_cm":176076,"minecraft:open_chest":13,"minecraft:crouch_one_cm":21826,"minecraft:play_time":130095,"minecraft:sneak_time":5060,"minecraft:walk_under_water_one_cm":3422,"minecraft:interact_with_lectern":1,"minecraft:jump":2429,"minecraft:walk_on_water_one_cm":5164,"minecraft:total_world_time":130095,"minecraft:fall_one_cm":46314},"minecraft:picked_up":{"minecraft:fishing_rod":1,"sophisticatedbackpacks:gold_backpack":3,"minecraft:crafting_table":5,"minecraft:feather":4,"minecraft:cooked_beef":2,"minecraft:chicken":5,"minecraft:andesite":9,"minecraft:leather":40,"minecraft:potato":16,"minecraft:gold_block":1,"minecraft:white_banner":1,"minecraft:gunpowder":4,"minecraft:dirt":9,"minecraft:string":9,"minecraft:paper":30,"minecraft:bone":7,"minecraft:blackstone":1,"minecraft:beef":27,"minecraft:cooked_chicken":1,"biomesoplenty:redwood_wood":31,"minecraft:book":42,"minecraft:furnace":6,"minecraft:egg":5,"minecraft:stick":4,"minecraft:raw_iron":67,"minecraft:black_candle":2,"minecraft:torch":9,"minecraft:bowl":2,"minecraft:gravel":1,"minecraft:white_bed":8,"minecraft:grass_block":1,"biomesoplenty:redwood_planks":1,"minecraft:arrow":1,"minecraft:rotten_flesh":18,"waystones:waystone":3,"minecraft:polished_blackstone_button":1,"minecraft:iron_helmet":1,"minecraft:bread":9,"minecraft:granite":11,"minecraft:emerald":1,"biomesoplenty:redwood_sapling":5,"minecraft:mutton":3,"minecraft:coal":140,"minecraft:skeleton_skull":1,"minecraft:white_wool":12,"minecraft:cobblestone":200,"minecraft:ender_pearl":2},"minecraft:mined":{"minecraft:white_bed":7,"minecraft:blackstone":1,"minecraft:torch":5,"minecraft:crafting_table":6,"minecraft:granite":5,"minecraft:grass_block":2,"graveyard:skeleton_hand":1,"minecraft:cobblestone":16,"minecraft:wall_torch":4,"minecraft:spawner":2,"minecraft:skeleton_skull":1,"minecraft:furnace":6,"minecraft:iron_ore":68,"minecraft:andesite":9,"minecraft:potatoes":5,"minecraft:bookshelf":14,"minecraft:gold_block":1,"minecraft:grass":9,"biomesoplenty:clover":5,"minecraft:coal_ore":115,"minecraft:cobweb":1,"minecraft:dirt":4,"minecraft:stone":187,"minecraft:oak_leaves":6},"minecraft:crafted":{"minecraft:cooked_beef":20,"sophisticatedbackpacks:backpack":3,"minecraft:cooked_porkchop":2,"minecraft:crafting_table":1,"biomesoplenty:redwood_planks":88,"minecraft:cooked_chicken":7,"minecraft:iron_helmet":3,"minecraft:wooden_pickaxe":1,"minecraft:iron_sword":1,"minecraft:furnace":2,"biomesoplenty:redwood_slab":6,"sophisticatedbackpacks:gold_backpack":1,"minecraft:stone_axe":2,"minecraft:bread":9,"minecraft:cooked_mutton":2,"minecraft:air":0,"minecraft:iron_chestplate":2,"minecraft:iron_boots":3,"minecraft:shield":2,"minecraft:stick":20,"minecraft:iron_ingot":78,"minecraft:stone_pickaxe":3,"minecraft:wooden_axe":1,"minecraft:chest":3,"minecraft:gold_ingot":9,"minecraft:iron_leggings":3,"minecraft:white_bed":3,"minecraft:torch":16,"minecraft:shears":1,"sophisticatedbackpacks:iron_backpack":1},"minecraft:used":{"minecraft:cooked_mutton":2,"minecraft:stone_pickaxe":268,"minecraft:wooden_pickaxe":46,"minecraft:shield":1,"minecraft:iron_sword":40,"minecraft:cooked_chicken":8,"minecraft:iron_chestplate":1,"minecraft:torch":15,"minecraft:dirt":2,"minecraft:mutton":1,"minecraft:crafting_table":6,"minecraft:white_bed":7,"minecraft:granite":2,"waystones:waystone":1,"minecraft:wooden_axe":10,"minecraft:iron_pickaxe":106,"minecraft:stone_axe":91,"minecraft:cobblestone":79,"minecraft:written_book":1,"minecraft:furnace":5,"minecraft:cooked_porkchop":2,"minecraft:cobweb":2,"minecraft:polished_blackstone_button":1,"minecraft:black_candle":2,"minecraft:pumpkin_pie":4,"minecraft:egg":1,"minecraft:cooked_beef":15,"minecraft:iron_leggings":1},"minecraft:dropped":{"minecraft:iron_helmet":2,"biomesoplenty:redwood_planks":24,"minecraft:iron_boots":2,"sophisticatedbackpacks:backpack":2,"minecraft:granite":3,"minecraft:white_bed":3,"minecraft:grass_block":1,"minecraft:mushroom_stew":5,"sophisticatedbackpacks:gold_backpack":3,"minecraft:iron_chestplate":1,"minecraft:wooden_axe":1,"minecraft:andesite":9,"minecraft:iron_leggings":2,"minecraft:wooden_pickaxe":1,"minecraft:paper":30,"minecraft:written_book":1,"minecraft:egg":1}},"DataVersion":3465}