{"stats":{"minecraft:crafted":{"minecraft:cooked_beef":3,"minecraft:crafting_table":1,"minecraft:stick":12,"biomesoplenty:redwood_planks":56,"minecraft:cooked_chicken":3,"minecraft:iron_ingot":2,"minecraft:wooden_pickaxe":1,"minecraft:stone_pickaxe":2,"minecraft:wooden_axe":1,"minecraft:furnace":1,"minecraft:white_bed":3,"biomesoplenty:redwood_slab":6,"minecraft:stone_axe":1,"minecraft:shears":1,"minecraft:cooked_mutton":2,"minecraft:air":0},"minecraft:killed":{"minecraft:sheep":1,"minecraft:zombie":7,"minecraft:chicken":5,"minecraft:creeper":1,"minecraft:cow":3},"minecraft:picked_up":{"minecraft:crafting_table":2,"minecraft:stick":2,"minecraft:raw_iron":21,"minecraft:feather":4,"minecraft:chicken":5,"minecraft:andesite":8,"minecraft:leather":1,"minecraft:white_bed":1,"minecraft:dirt":5,"minecraft:rotten_flesh":7,"waystones:waystone":2,"minecraft:beef":3,"minecraft:granite":2,"minecraft:cooked_chicken":1,"minecraft:furnace":1,"biomesoplenty:redwood_sapling":5,"biomesoplenty:redwood_wood":31,"minecraft:mutton":2,"minecraft:coal":28,"minecraft:egg":2,"minecraft:white_wool":9,"minecraft:cobblestone":123},"minecraft:mined":{"minecraft:white_bed":1,"minecraft:furnace":1,"minecraft:iron_ore":21,"minecraft:andesite":8,"minecraft:crafting_table":2,"minecraft:granite":2,"minecraft:grass":3,"biomesoplenty:clover":4,"minecraft:coal_ore":27,"minecraft:dirt":4,"minecraft:stone":120,"minecraft:spawner":1},"minecraft:dropped":{"biomesoplenty:redwood_planks":23,"minecraft:wooden_pickaxe":1,"minecraft:white_bed":2,"minecraft:egg":1},"minecraft:custom":{"minecraft:time_since_rest":6539,"minecraft:waystone_activated":1,"minecraft:interact_with_furnace":15,"minecraft:sprint_one_cm":4135,"minecraft:damage_taken":110,"minecraft:walk_one_cm":231408,"minecraft:mob_kills":17,"minecraft:drop":5,"minecraft:damage_dealt":1969,"minecraft:interact_with_crafting_table":8,"minecraft:fly_one_cm":9637,"minecraft:open_barrel":4,"minecraft:open_chest":1,"minecraft:crouch_one_cm":9358,"minecraft:play_time":38075,"minecraft:sneak_time":1611,"minecraft:walk_under_water_one_cm":192,"minecraft:jump":701,"minecraft:walk_on_water_one_cm":67,"minecraft:sleep_in_bed":1,"minecraft:leave_game":2,"minecraft:time_since_death":38075,"minecraft:total_world_time":38075,"minecraft:fall_one_cm":10585},"minecraft:used":{"waystones:waystone":1,"minecraft:wooden_axe":10,"minecraft:stone_pickaxe":140,"minecraft:wooden_pickaxe":46,"minecraft:stone_axe":30,"minecraft:cobblestone":14,"minecraft:crafting_table":2,"minecraft:furnace":1,"minecraft:egg":1,"minecraft:white_bed":1,"minecraft:cooked_beef":2,"minecraft:granite":2}},"DataVersion":3465}