{"stats":{"minecraft:custom":{"minecraft:interact_with_crafting_table":177,"minecraft:open_barrel":192,"goblintraders:trade_with_goblin":405,"minecraft:eat_cake_slice":2,"minecraft:leave_game":38,"minecraft:time_since_death":494053,"minecraft:damage_blocked_by_shield":3782,"minecraft:play_time":2096528,"minecraft:deaths":5,"minecraft:jump":39292,"minecraft:enchant_item":17,"minecraft:interact_with_furnace":214,"minecraft:traded_with_villager":8,"minecraft:interact_with_cartography_table":1,"minecraft:sleep_in_bed":35,"minecraft:waystone_activated":17,"minecraft:damage_dealt":196410,"minecraft:interact_with_smoker":2,"minecraft:interact_with_smithing_table":8,"minecraft:inspect_dispenser":5,"minecraft:horse_one_cm":40491,"minecraft:interact_with_anvil":7,"minecraft:inspect_hopper":20,"minecraft:damage_dealt_absorbed":513,"minecraft:sneak_time":109518,"minecraft:interact_with_lectern":1,"minecraft:interact_with_blast_furnace":5,"minecraft:total_world_time":2096528,"minecraft:interact_with_stonecutter":5,"minecraft:time_since_rest":203572,"minecraft:swim_one_cm":314292,"minecraft:fly_one_cm":6871481,"minecraft:open_chest":2076,"minecraft:fall_one_cm":758074,"minecraft:sprint_one_cm":3667534,"minecraft:drop":144,"minecraft:play_noteblock":4,"minecraft:talked_to_villager":4,"minecraft:interact_with_brewingstand":5,"minecraft:walk_on_water_one_cm":380232,"minecraft:interact_with_loom":4,"minecraft:crouch_one_cm":403602,"minecraft:mob_kills":1010,"minecraft:damage_dealt_resisted":7112,"minecraft:climb_one_cm":66509,"minecraft:walk_one_cm":7238143,"minecraft:walk_under_water_one_cm":172904,"minecraft:boat_one_cm":1043815,"minecraft:interact_with_grindstone":3,"minecraft:damage_taken":26291,"minecraft:damage_absorbed":204,"minecraft:trigger_trapped_chest":4},"minecraft:killed":{"minecraft:cave_spider":35,"graveyard:wraith":1,"minecraft:skeleton":95,"graveyard:acolyte":14,"alexscaves:underzealot":23,"minecraft:chicken":9,"minecraft:magma_cube":93,"mutantmonsters:mutant_skeleton":2,"minecraft:pillager":6,"irons_spellbooks:summoned_vex":1,"minecraft:zombie":141,"cataclysm:deepling":1,"minecraft:cow":28,"alexscaves:corrodent":3,"mca:male_zombie_villager":1,"graveyard:nightmare":4,"alexscaves:vesper":11,"minecraft:vindicator":11,"mowziesmobs:ferrous_wroughtnaut":1,"cataclysm:deepling_angler":1,"graveyard:ghoul":1,"irons_spellbooks:citadel_keeper":7,"minecraft:enderman":17,"alexscaves:gloomoth":1,"minecraft:zombified_piglin":3,"minecraft:witch":1,"graveyard:skeleton_creeper":24,"irons_spellbooks:pyromancer":2,"minecraft:spider":71,"minecraft:silverfish":9,"minecraft:illusioner":2,"irons_spellbooks:summoned_skeleton":13,"minecraft:piglin_brute":14,"artifacts:mimic":2,"minecraft:piglin":21,"minecraft:pig":4,"irons_spellbooks:necromancer":17,"minecraft:creeper":48,"minecraft:sheep":1,"minecraft:ghast":9,"minecraft:blaze":23,"irons_spellbooks:summoned_zombie":26,"minecraft:slime":19,"minecraft:phantom":16,"minecraft:drowned":6,"cataclysm:lionfish":1,"mowziesmobs:grottol":2,"minecraft:bat":5,"minecraft:hoglin":22,"minecraft:squid":7,"aquamirae:anglerfish":5,"mutantmonsters:mutant_zombie":1,"minecraft:wither_skeleton":64},"minecraft:dropped":{"minecraft:iron_sword":1,"minecraft:emerald":24,"sophisticatedbackpacks:gold_backpack":5,"minecraft:dirt":302,"minecraft:iron_pickaxe":1,"minecraft:sugar_cane":1,"minecraft:cobbled_deepslate":15,"minecraft:rotten_flesh":8,"minecraft:azure_bluet":17,"minecraft:white_bed":4,"minecraft:charcoal":13,"minecraft:stone_brick_stairs":1,"minecraft:egg":1,"minecraft:iron_ingot":1,"minecraft:netherite_pickaxe":1,"minecraft:wheat_seeds":112,"minecraft:netherite_chestplate":1,"cgm:mini_gun":1,"minecraft:iron_helmet":2,"minecraft:cobblestone":3,"biomesoplenty:redwood_boat":2,"minecraft:granite":3,"minecraft:chainmail_helmet":1,"minecraft:coal":7,"minecraft:mushroom_stew":5,"minecraft:polished_andesite":5,"minecraft:wooden_axe":1,"minecraft:rose_bush":1,"minecraft:paper":30,"minecraft:chainmail_leggings":1,"minecraft:iron_shovel":4,"alexscaves:porous_coprolith":1,"minecraft:string":1,"biomesoplenty:redwood_planks":24,"minecraft:iron_boots":2,"sophisticatedbackpacks:backpack":2,"minecraft:diamond_sword":1,"minecraft:potato":10,"minecraft:spruce_planks":1,"minecraft:diamond_pickaxe":1,"cgm:bazooka":2,"minecraft:birch_boat":1,"sophisticatedbackpacks:copper_backpack":2,"minecraft:bow":3,"minecraft:baked_potato":320,"gravestone:obituary":2,"minecraft:polished_blackstone_bricks":1,"minecraft:birch_log":64,"biomesoplenty:burning_blossom":1,"minecraft:chiseled_polished_blackstone":1,"artifacts:villager_hat":1,"vanillaplustools:stone_hammer":4,"minecraft:iron_bars":54,"minecraft:arrow":4,"minecraft:written_book":1,"minecraft:netherrack":1,"minecraft:stone_hoe":1,"minecraft:water_bucket":1,"minecraft:bread":9,"cgm:missile":1,"minecraft:nether_brick_wall":1,"minecraft:grass_block":1,"minecraft:torch":33,"minecraft:iron_leggings":2,"minecraft:tuff":156,"minecraft:flint_and_steel":1,"minecraft:filled_map":3,"minecraft:gray_terracotta":3,"minecraft:iron_chestplate":1,"minecraft:andesite":9,"minecraft:stone_pickaxe":1,"minecraft:wooden_pickaxe":1},"minecraft:crafted":{"mutantmonsters:mutant_skeleton_leggings":1,"minecraft:black_dye":5,"minecraft:light_gray_concrete_powder":8,"minecraft:blaze_powder":18,"sophisticatedbackpacks:crafting_upgrade":1,"securitycraft:keypad_item":2,"minecraft:bookshelf":22,"minecraft:gray_wool":2,"minecraft:cooked_mutton":2,"minecraft:quartz_block":119,"minecraft:glass":12,"vanillaplustools:iron_hammer":1,"minecraft:diamond_helmet":1,"explorerscompass:explorerscompass":1,"mutantmonsters:mutant_skeleton_boots":1,"minecraft:glass_bottle":9,"minecraft:deepslate":159,"minecraft:emerald":207,"minecraft:cooked_porkchop":4,"enchantinginfuser:enchanting_infuser":1,"easy_mob_farm:iron_animal_plains_farm":1,"minecraft:smithing_table":1,"minecraft:copper_ingot":101,"minecraft:hay_block":64,"waystones:warp_stone":1,"minecraft:campfire":1,"minecraft:lectern":1,"minecraft:stone_slab":6,"minecraft:compass":1,"minecraft:iron_pickaxe":11,"minecraft:iron_block":63,"minecraft:gold_ingot":303,"minecraft:light_gray_dye":4,"minecraft:netherite_ingot":10,"sophisticatedbackpacks:netherite_backpack":1,"minecraft:polished_blackstone_bricks":46,"slashblade:proudsoul":3,"vanillaplustools:stone_hammer":16,"minecraft:iron_nugget":18,"slashblade:slashblade_wood":17,"minecraft:bone_meal":57,"minecraft:diamond":36,"minecraft:stone_pickaxe":147,"minecraft:redstone_block":128,"easy_mob_farm:iron_golem_farm":1,"minecraft:netherite_pickaxe":1,"biomesoplenty:redwood_door":3,"minecraft:enchanting_table":2,"biomesoplenty:redwood_planks":172,"cgm:medium_scope":3,"sophisticatedbackpacks:gold_backpack":5,"minecraft:glowstone":58,"minecraft:enchanted_book":8,"minecraft:flint":74,"sophisticatedbackpacks:stonecutter_upgrade":1,"easy_mob_farm:collar_small":1,"minecraft:wooden_axe":1,"minecraft:iron_leggings":5,"minecraft:white_bed":4,"minecraft:brick":40,"minecraft:grindstone":1,"minecraft:oak_planks":4,"minecraft:cooked_chicken":7,"minecraft:lightning_rod":1,"biomesoplenty:redwood_slab":6,"minecraft:stone":63,"minecraft:heavy_weighted_pressure_plate":2,"minecraft:warped_planks":28,"mutantmonsters:mutant_skeleton_arms":1,"minecraft:hopper":4,"minecraft:iron_boots":4,"minecraft:chest":45,"mutantmonsters:mutant_skeleton_rib_cage":1,"minecraft:netherite_upgrade_smithing_template":6,"minecraft:bricks":4,"minecraft:stone_hoe":3,"minecraft:ender_eye":18,"farmersdelight:stove":1,"sophisticatedbackpacks:backpack":4,"minecraft:crafting_table":2,"minecraft:spruce_planks":16,"minecraft:iron_helmet":4,"minecraft:wooden_pickaxe":1,"minecraft:baked_potato":50,"minecraft:gold_block":37,"minecraft:chiseled_polished_blackstone":1,"minecraft:birch_planks":592,"sophisticatedbackpacks:upgrade_base":2,"farmersdelight:skillet":1,"slashblade:proudsoul_ingot":2,"biomesoplenty:redwood_boat":1,"enchantinginfuser:advanced_enchanting_infuser":1,"minecraft:iron_chestplate":2,"minecraft:diamond_pickaxe":12,"minecraft:purple_dye":5,"minecraft:shield":2,"sophisticatedbackpacks:diamond_backpack":1,"minecraft:stick":512,"minecraft:iron_ingot":343,"minecraft:snow_block":18,"vanillaplustools:diamond_hammer":1,"irons_spellbooks:magic_cloth":1,"minecraft:shears":1,"minecraft:wooden_sword":17,"easy_mob_farm:poppy_bouquet":1,"minecraft:redstone":9,"minecraft:raw_iron":36,"minecraft:coal":173,"minecraft:tripwire_hook":2,"minecraft:netherite_sword":1,"slashblade:slashblade_bamboo":14,"minecraft:furnace":2,"minecraft:stone_button":16,"minecraft:gray_dye":4,"minecraft:diamond_block":17,"mutantmonsters:mutant_skeleton_chestplate":1,"minecraft:scaffolding":84,"minecraft:iron_axe":1,"minecraft:netherite_scrap":15,"slashblade:slashblade_silverbamboo":1,"cgm:workbench":1,"minecraft:blackstone_stairs":19,"easy_mob_farm:iron_mob_farm_template":2,"sophisticatedbackpacks:iron_backpack":3,"minecraft:cooked_beef":59,"minecraft:red_dye":3,"minecraft:crimson_planks":4,"minecraft:diamond_sword":4,"minecraft:music_disc_mellohi":1,"minecraft:iron_sword":2,"minecraft:cooked_salmon":2,"minecraft:bucket":1,"minecraft:stone_axe":2,"minecraft:air":0,"minecraft:bread":73,"minecraft:white_wool":3,"minecraft:white_dye":6,"minecraft:stonecutter":1,"minecraft:torch":676,"minecraft:blackstone_slab":126,"minecraft:lapis_block":24},"minecraft:broken":{"minecraft:diamond_helmet":1,"minecraft:iron_chestplate":1,"slashblade:slashblade_silverbamboo":2,"minecraft:iron_sword":2,"minecraft:chainmail_helmet":1,"minecraft:stone_hoe":1,"vanillaplustools:stone_hammer":11,"minecraft:iron_axe":1,"minecraft:iron_pickaxe":4,"minecraft:iron_helmet":2,"vanillaplustools:iron_hammer":1,"minecraft:stone_pickaxe":1,"minecraft:stone_axe":1,"slashblade:slashblade_wood":3,"minecraft:flint_and_steel":1,"slashblade:slashblade_bamboo":13},"minecraft:mined":{"minecraft:dark_oak_planks":8,"minecraft:blackstone_stairs":1,"alexscaves:forsaken_idol":2,"minecraft:white_bed":25,"minecraft:black_terracotta":1,"irons_spellbooks:armor_pile":7,"minecraft:carved_pumpkin":1,"minecraft:obsidian":89,"biomesoplenty:burning_blossom":19,"minecraft:granite":65,"minecraft:chiseled_polished_blackstone":4,"biomesoplenty:bramble":4,"minecraft:coal_block":16,"alexscaves:coprolith":77,"minecraft:hopper":1,"minecraft:spawner":44,"minecraft:polished_blackstone_bricks":64,"minecraft:weeping_vines_plant":1,"minecraft:tall_seagrass":3,"minecraft:magma_block":79,"minecraft:cobbled_deepslate":169,"minecraft:fire":151,"biomesoplenty:violet":5,"alexscaves:guanostone_tiles":1,"minecraft:deepslate_lapis_ore":23,"biomesoplenty:flesh_tendons":1,"minecraft:nether_brick_stairs":7,"minecraft:enchanting_table":7,"minecraft:cave_vines":1,"minecraft:dirt_path":4,"biomesoplenty:webbing":3,"minecraft:light_gray_concrete":8,"minecraft:white_banner":1,"minecraft:iron_block":1,"minecraft:player_head":1,"minecraft:smoker":1,"minecraft:amethyst_cluster":6,"minecraft:powder_snow":25,"minecraft:torch":252,"irons_spellbooks:arcane_debris":4,"minecraft:blast_furnace":3,"alexscaves:peering_coprolith":2,"farmersdelight:cabbages":63,"minecraft:sugar_cane":17,"minecraft:bricks":1,"minecraft:amethyst_block":15,"minecraft:skeleton_skull":4,"minecraft:wheat":918,"minecraft:grass":219,"minecraft:smooth_quartz":80,"minecraft:stonecutter":1,"minecraft:deepslate":7026,"minecraft:infested_deepslate":13,"minecraft:deepslate_tiles":1,"minecraft:dark_prismarine":16,"minecraft:mossy_cobblestone":11,"alexscaves:stripped_thornwood_log":1,"minecraft:jack_o_lantern":1,"minecraft:nether_bricks":17,"minecraft:allium":1,"minecraft:spruce_fence":3,"graveyard:tg_deepslate":2,"biomesoplenty:dead_grass":2,"alexscaves:thornwood_branch":1,"minecraft:moss_block":1,"minecraft:packed_mud":10,"alexscaves:thornwood_stairs":1,"minecraft:acacia_wood":1,"minecraft:andesite":133,"biomesoplenty:flesh":50,"minecraft:potatoes":556,"biomesoplenty:high_grass":151,"minecraft:rail":214,"minecraft:bamboo_sapling":1,"minecraft:bamboo":94,"irons_spellbooks:inscription_table":3,"biomesoplenty:porous_flesh":3,"minecraft:soul_sand":13,"minecraft:light_gray_concrete_powder":4,"minecraft:warped_roots":1,"biomesoplenty:high_grass_plant":152,"minecraft:lightning_rod":2,"minecraft:copper_ore":27,"minecraft:tall_grass":23,"minecraft:deepslate_gold_ore":142,"minecraft:diorite":29,"minecraft:red_terracotta":4,"minecraft:white_carpet":2,"minecraft:birch_leaves":4,"minecraft:gravel":192,"enchantinginfuser:advanced_enchanting_infuser":6,"minecraft:cobweb":53,"minecraft:stone_bricks":11,"minecraft:chipped_anvil":1,"minecraft:fern":7,"alexscaves:guanostone":33,"minecraft:large_amethyst_bud":2,"minecraft:spruce_planks":4,"sophisticatedbackpacks:gold_backpack":1,"minecraft:cave_vines_plant":3,"minecraft:budding_amethyst":1,"minecraft:grass_block":264,"sophisticatedbackpacks:iron_backpack":2,"minecraft:cracked_polished_blackstone_bricks":50,"minecraft:mud_bricks":2,"minecraft:gilded_blackstone":3,"biomesoplenty:blackstone_bulb":3,"biomesoplenty:bramble_leaves":1,"minecraft:glowstone":80,"minecraft:iron_ore":131,"minecraft:azure_bluet":38,"minecraft:iron_bars":22,"minecraft:spruce_slab":2,"minecraft:deepslate_redstone_ore":355,"minecraft:blackstone":416,"minecraft:polished_deepslate_stairs":1,"minecraft:clay":10,"minecraft:calcite":1,"minecraft:poppy":12,"minecraft:chest":10,"minecraft:nether_quartz_ore":236,"minecraft:cobblestone":284,"minecraft:birch_wood":1,"graveyard:skeleton_hand":1,"minecraft:slime_block":2,"minecraft:oak_planks":3,"minecraft:iron_door":2,"minecraft:wall_torch":105,"alexscaves:thornwood_planks":2,"minecraft:deepslate_copper_ore":2,"minecraft:seagrass":1,"alexscaves:thornwood_fence":1,"minecraft:nether_wart_block":1,"minecraft:tnt":1,"minecraft:cracked_deepslate_tiles":2,"biomesoplenty:clover":160,"minecraft:beetroots":118,"minecraft:sand":84,"minecraft:dirt":157,"minecraft:wither_skeleton_skull":4,"minecraft:netherrack":9708,"minecraft:ancient_debris":14,"minecraft:oak_leaves":12,"minecraft:redstone_lamp":1,"minecraft:nether_gold_ore":36,"alexscaves:spelunkery_table":3,"minecraft:diamond_ore":2,"minecraft:crying_obsidian":7,"minecraft:tuff":400,"farmersdelight:onions":51,"minecraft:deepslate_diamond_ore":68,"gravestone:gravestone":6,"minecraft:white_stained_glass":4,"minecraft:spruce_leaves":4,"minecraft:large_fern":1,"minecraft:hay_block":33,"minecraft:furnace":15,"minecraft:carrots":97,"treechop:chopped_log":46,"minecraft:gold_block":55,"minecraft:bell":1,"minecraft:bookshelf":52,"minecraft:deepslate_iron_ore":181,"minecraft:packed_ice":11,"biomesoplenty:spider_egg":1,"minecraft:stone":2038,"minecraft:white_tulip":1,"sophisticatedbackpacks:backpack":1,"minecraft:scaffolding":32,"alexscaves:porous_coprolith":3,"minecraft:snow_block":5,"minecraft:stripped_dark_oak_log":2,"minecraft:basalt":176,"minecraft:crafting_table":12,"minecraft:blackstone_slab":2,"minecraft:rose_bush":2,"minecraft:andesite_slab":1,"minecraft:lectern":68,"biomesoplenty:sprout":26,"biomesoplenty:huge_clover_petal":84,"minecraft:lapis_ore":2,"easy_mob_farm:iron_golem_farm":1,"minecraft:polished_blackstone_stairs":6,"minecraft:redstone_torch":1,"biomesoplenty:pink_daffodil":3,"minecraft:ice":10,"minecraft:yellow_bed":1,"minecraft:coal_ore":127,"minecraft:cyan_carpet":4,"minecraft:cracked_stone_bricks":4,"minecraft:polished_andesite":17},"minecraft:used":{"sophisticatedbackpacks:copper_backpack":2,"farmersdelight:cabbage_seeds":99,"minecraft:chest":40,"minecraft:stone":2,"securitycraft:keypad_item":2,"minecraft:cracked_deepslate_tiles":2,"minecraft:snowball":16,"minecraft:azure_bluet":1,"minecraft:bow":335,"minecraft:furnace":17,"minecraft:egg":1,"minecraft:potato":589,"biomesoplenty:flesh":32,"minecraft:diorite":8,"minecraft:blackstone_stairs":3,"minecraft:blackstone":19,"minecraft:wooden_pickaxe":46,"minecraft:golden_apple":5,"minecraft:glow_berries":5,"minecraft:sand":30,"minecraft:lightning_rod":3,"minecraft:lectern":69,"cgm:assault_rifle":62,"alexscaves:guanostone":29,"biomesoplenty:glowing_moss_carpet":1,"minecraft:nether_wart_block":4,"minecraft:diamond_sword":1557,"minecraft:smithing_table":1,"minecraft:ice":4,"cgm:mini_gun":256,"minecraft:iron_bars":1,"minecraft:enchanting_table":6,"vanillaplustools:stone_hammer":1691,"minecraft:cooked_salmon":6,"minecraft:polished_blackstone_wall":13,"minecraft:torch":875,"minecraft:netherrack":783,"alexscaves:coprolith":69,"minecraft:chipped_anvil":1,"minecraft:iron_axe":369,"minecraft:smooth_quartz":44,"minecraft:barrel":1,"minecraft:bamboo":81,"minecraft:acacia_wood":1,"alexscaves:thornwood_stairs":1,"minecraft:cobbled_deepslate":6987,"sophisticatedbackpacks:gold_backpack":2,"minecraft:calcite":1,"minecraft:wheat_seeds":912,"minecraft:water_bucket":133,"minecraft:polished_blackstone_bricks":6,"easy_mob_farm:iron_golem_farm":1,"minecraft:mossy_cobblestone":1,"minecraft:tnt":2,"slashblade:slashblade_silverbamboo":474,"minecraft:crafting_table":12,"minecraft:white_bed":26,"mowziesmobs:wrought_axe":59,"minecraft:mud":3,"minecraft:dark_prismarine":14,"slashblade:slashblade_bamboo":911,"minecraft:diamond_pickaxe":2981,"minecraft:diamond_shovel":722,"minecraft:iron_pickaxe":1155,"minecraft:cobblestone":1188,"vanillaplustools:iron_hammer":250,"minecraft:cooked_porkchop":6,"minecraft:black_candle":2,"minecraft:iron_shovel":5,"minecraft:oak_sign":1,"farmersdelight:stove":1,"minecraft:shield":32,"minecraft:iron_sword":804,"minecraft:player_head":1,"minecraft:iron_chestplate":1,"minecraft:mutton":1,"artifacts:umbrella":43,"minecraft:nether_bricks":18,"minecraft:carrot":120,"minecraft:tuff":120,"enchantinginfuser:advanced_enchanting_infuser":6,"minecraft:obsidian":70,"minecraft:cyan_terracotta":5,"minecraft:lantern":2,"minecraft:packed_mud":8,"minecraft:iron_helmet":2,"minecraft:stone_bricks":1,"minecraft:scaffolding":63,"minecraft:written_book":1,"minecraft:beetroot_seeds":151,"minecraft:chiseled_polished_blackstone":4,"minecraft:stone_pickaxe":268,"minecraft:oak_planks":1,"minecraft:ender_pearl":1,"minecraft:sugar_cane":23,"minecraft:crossbow":20,"cgm:bazooka":14,"minecraft:shears":4,"minecraft:black_terracotta":4,"waystones:waystone":17,"sophisticatedbackpacks:backpack":2,"minecraft:bread":53,"minecraft:deepslate":83,"minecraft:gravel":3,"minecraft:blackstone_slab":9,"minecraft:grindstone":1,"minecraft:andesite":38,"minecraft:coarse_dirt":7,"minecraft:bone_meal":18,"minecraft:cobweb":28,"minecraft:netherite_sword":450,"sophisticatedbackpacks:iron_backpack":2,"minecraft:flint_and_steel":109,"alexscaves:thornwood_planks":2,"minecraft:stone_hoe":189,"minecraft:cooked_chicken":8,"minecraft:dirt":260,"cgm:workbench":1,"minecraft:white_carpet":1,"minecraft:hopper":3,"minecraft:diamond_helmet":1,"minecraft:granite":63,"minecraft:spruce_fence":2,"minecraft:wooden_axe":10,"minecraft:bookshelf":21,"biomesoplenty:redwood_boat":10,"alexscaves:spelunkery_table":2,"slashblade:slashblade_wood":212,"minecraft:netherite_pickaxe":2557,"minecraft:cooked_beef":58,"minecraft:pumpkin":1,"minecraft:iron_leggings":1,"minecraft:cooked_mutton":2,"farmersdelight:skillet":1,"minecraft:snow_block":17,"minecraft:polished_andesite":42,"minecraft:baked_potato":571,"minecraft:andesite_slab":1,"minecraft:stonecutter":1,"farmersdelight:onion":91,"minecraft:light_gray_concrete_powder":12,"minecraft:gray_terracotta":11,"easy_mob_farm:iron_animal_plains_farm":1,"minecraft:stone_slab":3,"alexscaves:porous_coprolith":1,"minecraft:stone_axe":177,"minecraft:bucket":134,"minecraft:pumpkin_pie":4,"minecraft:yellow_bed":1,"minecraft:polished_blackstone_button":1,"irons_spellbooks:inscription_table":3},"minecraft:killed_by":{"minecraft:player":1},"minecraft:picked_up":{"cgm:basic_bullet":1445,"minecraft:chainmail_boots":1,"minecraft:flower_pot":1,"irons_spellbooks:affinity_ring":4,"minecraft:lead":1,"alexscaves:guanostone_tiles":1,"minecraft:diamond_sword":4,"minecraft:oak_stairs":2,"minecraft:enchanted_book":3,"biomesoplenty:violet":5,"minecraft:wither_rose":1,"minecraft:golden_sword":1,"enchantinginfuser:advanced_enchanting_infuser":6,"minecraft:amethyst_block":15,"minecraft:polished_blackstone_brick_stairs":1,"minecraft:string":172,"minecraft:cooked_salmon":3,"minecraft:shroomlight":16,"minecraft:beetroot":105,"minecraft:diamond_leggings":2,"minecraft:gold_nugget":325,"minecraft:cobbled_deepslate":7200,"minecraft:spruce_planks":2,"alexscaves:stripped_thornwood_log":1,"biomesoplenty:redwood_wood":68,"minecraft:coal_block":16,"cgm:advanced_bullet":32,"cgm:light_grip":1,"minecraft:polished_blackstone_stairs":4,"minecraft:green_bed":1,"minecraft:golden_axe":2,"minecraft:lightning_rod":2,"irons_spellbooks:fire_rune":2,"aquamirae:esca":6,"mutantmonsters:mutant_skeleton_pelvis":2,"cgm:medium_scope":1,"farmersdelight:onion":181,"minecraft:polished_basalt":3,"minecraft:iron_block":1,"minecraft:carved_pumpkin":1,"minecraft:cyan_terracotta":5,"minecraft:netherite_chestplate":1,"minecraft:blaze_rod":11,"minecraft:blackstone_stairs":1,"minecraft:iron_bars":57,"minecraft:snowball":48,"minecraft:birch_log":255,"minecraft:magma_block":69,"minecraft:feather":11,"minecraft:cooked_beef":2,"minecraft:iron_door":2,"minecraft:water_bucket":1,"minecraft:smoker":2,"minecraft:flint":14,"alexscaves:thornwood_stairs":1,"irons_spellbooks:concentration_amulet":2,"minecraft:lantern":6,"aquamirae:fin":10,"minecraft:light_gray_concrete_powder":4,"minecraft:chipped_anvil":1,"minecraft:gray_terracotta":52,"minecraft:stonecutter":1,"alexscaves:guano":6,"minecraft:glowstone_dust":235,"alexscaves:porous_coprolith":3,"minecraft:chiseled_polished_blackstone":3,"relics:hunter_belt":2,"irons_spellbooks:legendary_ink":1,"minecraft:warped_wart_block":315,"aquamirae:anglers_fang":1,"sophisticatedbackpacks:iron_backpack":3,"minecraft:ink_sac":11,"minecraft:trapped_chest":1,"minecraft:red_terracotta":160,"minecraft:barrel":1,"cataclysm:lionfish":1,"minecraft:polished_andesite":49,"minecraft:lever":1,"minecraft:granite":73,"minecraft:chainmail_helmet":1,"minecraft:bread":18,"minecraft:jack_o_lantern":1,"minecraft:dark_oak_fence":1,"minecraft:bricks":1,"minecraft:crimson_roots":2,"minecraft:crafting_table":12,"sophisticatedbackpacks:gold_backpack":6,"minecraft:mud":9,"minecraft:coarse_dirt":10,"minecraft:clay_ball":40,"irons_spellbooks:tarnished_helmet":1,"alexscaves:thornwood_branch":1,"gravestone:obituary":4,"minecraft:flint_and_steel":1,"minecraft:netherite_scrap":3,"minecraft:white_carpet":2,"minecraft:iron_shovel":6,"minecraft:cracked_stone_bricks":4,"minecraft:beef":64,"minecraft:spruce_slab":1,"alexscaves:thornwood_log":4,"minecraft:poppy":12,"minecraft:iron_nugget":178,"cgm:bazooka":3,"minecraft:chest":11,"minecraft:birch_sapling":93,"minecraft:egg":14,"alexscaves:guanostone":30,"sophisticatedbackpacks:backpack":2,"minecraft:spruce_fence":3,"minecraft:carrot":357,"minecraft:redstone":2120,"minecraft:netherite_pickaxe":1,"minecraft:tnt":1,"minecraft:beetroot_seeds":312,"minecraft:hay_block":33,"minecraft:gold_ingot":31,"sophisticatedbackpacks:copper_backpack":3,"biomesoplenty:redwood_sapling":5,"minecraft:polished_blackstone":2,"minecraft:glow_berries":5,"minecraft:mutton":3,"minecraft:white_wool":13,"minecraft:bone_block":2,"minecraft:rail":212,"minecraft:mud_bricks":2,"minecraft:blackstone_slab":2,"minecraft:acacia_wood":1,"minecraft:filled_map":3,"minecraft:packed_mud":10,"minecraft:oak_log":3,"minecraft:ancient_debris":14,"mowziesmobs:wrought_axe":1,"relics:spore_sack":1,"mutantmonsters:mutant_skeleton_limb":16,"minecraft:paper":30,"minecraft:white_banner":2,"biomesoplenty:glowing_moss_carpet":2,"cgm:grenade_launcher":1,"minecraft:stone_bricks":38,"minecraft:warped_stem":71,"minecraft:stone_pickaxe":1,"minecraft:cobweb":1,"minecraft:glass_bottle":7,"minecraft:iron_sword":2,"alexscaves:coprolith":70,"minecraft:gravel":386,"minecraft:crying_obsidian":7,"minecraft:diamond_shovel":1,"biomesoplenty:maple_sapling":1,"minecraft:slime_ball":12,"minecraft:gray_wool":1,"minecraft:warped_roots":1,"minecraft:baked_potato":94,"minecraft:hopper":1,"minecraft:ender_pearl":31,"irons_spellbooks:scroll":6,"minecraft:wheat":854,"biomesoplenty:burning_blossom":15,"minecraft:nether_brick_fence":4,"artifacts:umbrella":1,"minecraft:stone_brick_stairs":1,"mutantmonsters:mutant_skeleton_skull":2,"minecraft:raw_copper":168,"minecraft:iron_leggings":2,"minecraft:experience_bottle":32,"minecraft:oak_sign":1,"irons_spellbooks:arcane_essence":71,"minecraft:deepslate_tiles":1,"farmersdelight:cabbage":61,"minecraft:white_tulip":1,"minecraft:rose_bush":1,"minecraft:redstone_torch":1,"minecraft:calcite":1,"minecraft:smooth_quartz":73,"minecraft:iron_pickaxe":1,"irons_spellbooks:inscription_table":3,"farmersdelight:cabbage_seeds":180,"minecraft:furnace":15,"minecraft:stick":69,"biomesoplenty:redwood_boat":11,"minecraft:polished_deepslate_stairs":1,"minecraft:oak_fence":1,"minecraft:torch":421,"minecraft:spruce_stairs":10,"minecraft:porkchop":57,"minecraft:dried_kelp":2,"minecraft:diorite":29,"mutantmonsters:hulk_hammer":1,"alexscaves:corrodent_teeth":13,"minecraft:rotten_flesh":192,"irons_spellbooks:arcane_debris":4,"mutantmonsters:mutant_skeleton_shoulder_pad":4,"minecraft:obsidian":85,"minecraft:cobblestone":2338,"minecraft:enchanting_table":7,"minecraft:magma_cream":5,"minecraft:andesite":138,"minecraft:potato":2035,"minecraft:tuff":405,"minecraft:wither_skeleton_skull":6,"minecraft:lapis_lazuli":316,"minecraft:dirt":956,"irons_spellbooks:hogskin":17,"minecraft:bone":237,"minecraft:bow":9,"minecraft:wheat_seeds":2436,"minecraft:raw_gold":236,"minecraft:bell":1,"minecraft:birch_wood":1,"minecraft:bamboo":835,"minecraft:oak_planks":46,"minecraft:ghast_tear":2,"minecraft:black_terracotta":37,"minecraft:cooked_porkchop":27,"minecraft:poisonous_potato":12,"minecraft:sand":111,"minecraft:nether_brick_stairs":10,"minecraft:dead_bush":1,"minecraft:grass_block":3,"minecraft:mossy_cobblestone":11,"minecraft:dark_prismarine":14,"minecraft:light_gray_concrete":8,"minecraft:diamond":136,"minecraft:slime_block":2,"waystones:waystone":17,"minecraft:polished_blackstone_button":1,"minecraft:cracked_polished_blackstone_bricks":48,"minecraft:crossbow":1,"minecraft:grass":10,"minecraft:golden_apple":12,"minecraft:emerald":13,"biomesoplenty:pink_daffodil":2,"minecraft:netherrack":8670,"minecraft:andesite_slab":1,"minecraft:fishing_rod":1,"minecraft:charcoal":13,"minecraft:allium":2,"minecraft:azure_bluet":42,"minecraft:chicken":9,"minecraft:ladder":6,"biomesoplenty:flesh":47,"minecraft:gold_block":57,"minecraft:chain":4,"minecraft:cyan_carpet":12,"minecraft:blackstone":407,"graveyard:corruption":62,"cgm:mini_gun":2,"irons_spellbooks:epic_ink":1,"minecraft:player_head":3,"minecraft:lectern":68,"minecraft:sugar_cane":46,"minecraft:phantom_membrane":3,"minecraft:raw_iron":372,"minecraft:copper_ingot":1,"aquamirae:shell_horn":1,"minecraft:bowl":2,"minecraft:polished_blackstone_bricks":52,"easy_mob_farm:iron_golem_farm":1,"minecraft:dark_oak_planks":4,"biomesoplenty:redwood_planks":1,"minecraft:weeping_vines":4,"minecraft:arrow":163,"alexscaves:dark_tatters":22,"minecraft:nether_bricks":47,"cgm:assault_rifle":1,"alexscaves:spelunkery_table":3,"mutantmonsters:mutant_skeleton_rib":12,"alexscaves:vesper_wing":3,"minecraft:nether_brick_wall":1,"alexscaves:thornwood_fence":1,"minecraft:skeleton_skull":4,"minecraft:cracked_deepslate_tiles":2,"minecraft:glow_ink_sac":1,"minecraft:basalt":169,"minecraft:golden_carrot":8,"artifacts:digging_claws":1,"minecraft:crimson_stem":26,"minecraft:leather":64,"alexscaves:forsaken_idol":2,"cgm:missile":17,"minecraft:yellow_bed":1,"minecraft:nether_wart_block":113,"minecraft:gunpowder":81,"irons_spellbooks:rare_ink":2,"irons_spellbooks:common_ink":1,"alexscaves:thornwood_planks":2,"minecraft:iron_ingot":52,"minecraft:cooked_chicken":1,"irons_spellbooks:cinder_essence":9,"minecraft:soul_sand":12,"minecraft:book":179,"minecraft:oak_slab":13,"minecraft:scaffolding":48,"slashblade:proudsoul_tiny":16,"minecraft:black_candle":2,"minecraft:emerald_block":1,"minecraft:birch_boat":1,"minecraft:quartz":479,"minecraft:amethyst_shard":40,"biomesoplenty:porous_flesh":3,"mowziesmobs:wrought_helmet":1,"minecraft:red_banner":1,"minecraft:blast_furnace":3,"minecraft:white_bed":26,"minecraft:spruce_door":1,"minecraft:spider_eye":46,"minecraft:pumpkin_seeds":4,"biomesoplenty:bramble":6,"cgm:tactical_stock":1,"minecraft:iron_helmet":1,"alexscaves:desolate_dagger":1,"minecraft:coal":397}},"DataVersion":3465}