{"stats":{"minecraft:used":{"minecraft:stone_sword":129,"minecraft:iron_shovel":207,"minecraft:flint_and_steel":63,"biomesoplenty:redwood_planks":52,"farmersdelight:cabbage_seeds":5,"minecraft:shield":11,"minecraft:iron_sword":175,"minecraft:stone_hoe":179,"minecraft:cooked_salmon":4,"minecraft:wooden_shovel":22,"minecraft:rotten_flesh":52,"minecraft:torch":16,"minecraft:dirt":158,"minecraft:spyglass":33,"minecraft:carrot":21,"minecraft:wooden_axe":10,"biomesoplenty:redwood_wood":39,"minecraft:packed_mud":1,"minecraft:iron_helmet":1,"biomesoplenty:redwood_boat":17,"minecraft:bow":8,"minecraft:written_book":2,"minecraft:beetroot_seeds":8,"minecraft:potato":42,"minecraft:egg":1,"minecraft:cooked_beef":7,"minecraft:iron_leggings":1,"minecraft:wheat_seeds":60,"minecraft:cooked_mutton":5,"minecraft:water_bucket":7,"minecraft:spruce_door":1,"farmersdelight:golden_knife":7,"minecraft:stone_pickaxe":280,"minecraft:wooden_pickaxe":12,"minecraft:deepslate_bricks":1,"farmersdelight:onion":3,"minecraft:sand":32,"minecraft:crafting_table":21,"minecraft:mushroom_stew":2,"minecraft:white_bed":19,"minecraft:campfire":2,"minecraft:birch_fence":24,"minecraft:redstone_torch":1,"minecraft:bread":61,"minecraft:iron_pickaxe":93,"minecraft:diamond_ore":1,"alexscaves:porous_coprolith":6,"minecraft:stone_axe":21,"minecraft:fishing_rod":20,"minecraft:cobblestone":144,"minecraft:porkchop":1,"minecraft:cooked_porkchop":7,"minecraft:bucket":7,"minecraft:cobweb":3},"minecraft:killed":{"alexscaves:corrodent":1,"alexscaves:gloomoth":1,"minecraft:spider":3,"minecraft:vindicator":2,"minecraft:skeleton":7,"minecraft:horse":1,"alexscaves:underzealot":2,"minecraft:chicken":3,"minecraft:drowned":2,"irons_spellbooks:archevoker":1,"minecraft:pig":1,"minecraft:salmon":3,"minecraft:ravager":1,"minecraft:creeper":2,"minecraft:sheep":2,"minecraft:pillager":7,"minecraft:zombie":12,"aquamirae:anglerfish":2,"minecraft:enderman":1,"minecraft:cow":2},"minecraft:custom":{"minecraft:mob_kills":56,"minecraft:interact_with_crafting_table":40,"minecraft:open_barrel":65,"minecraft:interact_with_campfire":26,"minecraft:eat_cake_slice":3,"minecraft:leave_game":5,"minecraft:time_since_death":132828,"minecraft:climb_one_cm":32695,"minecraft:sprint_one_cm":517607,"minecraft:walk_one_cm":1550325,"minecraft:damage_blocked_by_shield":1133,"minecraft:drop":51,"minecraft:play_time":395584,"minecraft:sneak_time":5086,"minecraft:deaths":1,"minecraft:walk_under_water_one_cm":85752,"minecraft:boat_one_cm":418664,"minecraft:jump":6976,"minecraft:walk_on_water_one_cm":52170,"minecraft:total_world_time":395584,"minecraft:interact_with_furnace":31,"minecraft:traded_with_villager":1,"minecraft:interact_with_cartography_table":2,"minecraft:sleep_in_bed":20,"minecraft:time_since_rest":2791,"minecraft:waystone_activated":2,"minecraft:damage_taken":6942,"minecraft:damage_dealt":11264,"minecraft:swim_one_cm":83869,"minecraft:fly_one_cm":970503,"minecraft:open_chest":82,"minecraft:crouch_one_cm":7844,"minecraft:interact_with_smoker":1,"minecraft:fall_one_cm":176695},"minecraft:dropped":{"minecraft:brown_mushroom":2,"biomesoplenty:redwood_wood":8,"minecraft:cooked_porkchop":1,"minecraft:iron_helmet":1,"minecraft:leather":21,"minecraft:granite":1,"minecraft:cracked_stone_bricks":1,"sophisticatedbackpacks:gold_backpack":2,"minecraft:stick":1,"minecraft:item_frame":1,"minecraft:emerald":1,"minecraft:diorite":2,"minecraft:mutton":1,"minecraft:wooden_axe":1,"minecraft:snowball":64,"minecraft:string":5,"minecraft:fishing_rod":1,"minecraft:white_wool":1,"minecraft:stone_axe":1,"minecraft:sugar_cane":1,"minecraft:player_head":3,"minecraft:raw_copper":3,"minecraft:bowl":4,"minecraft:raw_iron":7,"minecraft:rotten_flesh":1,"minecraft:white_bed":1,"minecraft:filled_map":3,"minecraft:charcoal":2,"minecraft:andesite":10,"minecraft:stone_bricks":1,"minecraft:bamboo":11,"minecraft:stone_pickaxe":1,"minecraft:wooden_pickaxe":2},"minecraft:broken":{"minecraft:stone_sword":1,"minecraft:stone_hoe":1,"minecraft:stone_pickaxe":2},"minecraft:mined":{"alexscaves:guanostone":4,"minecraft:spruce_planks":2,"minecraft:white_bed":17,"graveyard:tg_coarse_dirt":4,"minecraft:mossy_cobblestone":5,"minecraft:candle":1,"minecraft:dark_oak_fence":6,"minecraft:spruce_trapdoor":1,"gravestone:gravestone":1,"minecraft:granite":3,"minecraft:grass_block":181,"minecraft:spruce_fence":1,"minecraft:weathered_copper":1,"minecraft:jungle_planks":1,"minecraft:deepslate_bricks":1,"minecraft:soul_soil":1,"minecraft:potted_bamboo":9,"minecraft:moss_block":2,"minecraft:rooted_dirt":1,"minecraft:hay_block":13,"minecraft:tall_seagrass":1,"minecraft:packed_mud":1,"minecraft:iron_ore":14,"minecraft:fire":18,"minecraft:andesite":4,"treechop:chopped_log":3,"minecraft:azure_bluet":4,"minecraft:bookshelf":2,"minecraft:dirt_path":3,"minecraft:iron_bars":13,"minecraft:stone":206,"minecraft:blackstone":1,"minecraft:brown_mushroom":1,"minecraft:soul_sand":4,"alexscaves:porous_coprolith":3,"minecraft:kelp_plant":1,"minecraft:snow_block":21,"minecraft:spruce_door":2,"minecraft:powder_snow":31,"minecraft:crafting_table":7,"graveyard:tg_podzol":1,"minecraft:jungle_stairs":1,"alexscaves:peering_coprolith":3,"minecraft:andesite_slab":1,"farmersdelight:cabbages":2,"minecraft:copper_ore":18,"graveyard:tg_grass_block":1,"minecraft:cobblestone":5,"biomesoplenty:huge_clover_petal":38,"minecraft:oak_planks":2,"minecraft:diorite":2,"minecraft:coarse_dirt":1,"aquamirae:wisteria_niveis":1,"minecraft:ice":9,"minecraft:birch_leaves":1,"minecraft:stone_brick_stairs":1,"minecraft:wither_rose":10,"minecraft:red_wall_banner":1,"minecraft:grass":27,"biomesoplenty:clover":57,"minecraft:coal_ore":68,"minecraft:gravel":5,"minecraft:dirt":22,"minecraft:sand":15,"minecraft:cobweb":5,"minecraft:cracked_stone_bricks":4,"minecraft:stone_bricks":7,"minecraft:deepslate":2,"minecraft:oak_leaves":2,"minecraft:iron_trapdoor":1,"minecraft:fern":1},"minecraft:crafted":{"minecraft:fishing_rod":1,"minecraft:flint_and_steel":1,"minecraft:stone_pickaxe":2,"minecraft:stone_hoe":1,"sophisticatedbackpacks:iron_backpack":1,"minecraft:wheat":117,"minecraft:cooked_beef":3,"minecraft:wooden_shovel":1,"minecraft:cooked_porkchop":3,"minecraft:crafting_table":15,"biomesoplenty:redwood_planks":120,"minecraft:wooden_pickaxe":1,"minecraft:iron_sword":1,"irons_spellbooks:furled_map":1,"sophisticatedbackpacks:gold_backpack":1,"minecraft:bucket":1,"minecraft:birch_planks":52,"minecraft:campfire":2,"minecraft:stone_axe":1,"minecraft:bread":39,"minecraft:air":0,"biomesoplenty:redwood_boat":2,"minecraft:shield":1,"minecraft:birch_fence":24,"minecraft:stick":56,"minecraft:wooden_axe":1,"minecraft:stone_sword":1,"minecraft:gold_ingot":10,"minecraft:torch":16},"minecraft:picked_up":{"irons_spellbooks:scroll":2,"sophisticatedbackpacks:gold_backpack":2,"minecraft:charcoal":15,"minecraft:iron_chestplate":1,"minecraft:crafting_table":6,"minecraft:azure_bluet":8,"minecraft:chicken":3,"minecraft:flower_pot":9,"minecraft:brown_mushroom":2,"minecraft:wooden_pickaxe":2,"minecraft:wither_rose":10,"minecraft:stone_brick_stairs":1,"minecraft:cooked_salmon":13,"minecraft:string":6,"minecraft:raw_copper":65,"minecraft:iron_leggings":2,"minecraft:item_frame":1,"minecraft:armor_stand":2,"minecraft:iron_shovel":1,"minecraft:blackstone":1,"minecraft:cracked_stone_bricks":3,"irons_spellbooks:arcane_essence":6,"minecraft:cobbled_deepslate":2,"minecraft:candle":3,"minecraft:spruce_planks":2,"minecraft:beef":1,"minecraft:player_head":4,"minecraft:redstone_torch":1,"minecraft:written_book":1,"irons_spellbooks:epic_ink":1,"minecraft:light_gray_wool":1,"minecraft:iron_pickaxe":1,"farmersdelight:cabbage_seeds":2,"biomesoplenty:redwood_wood":181,"minecraft:birch_sapling":4,"minecraft:sugar_cane":1,"minecraft:spruce_trapdoor":1,"minecraft:iron_boots":2,"minecraft:egg":1,"minecraft:stick":21,"minecraft:raw_iron":14,"biomesoplenty:redwood_boat":16,"minecraft:bowl":2,"sophisticatedbackpacks:backpack":1,"minecraft:spruce_fence":1,"minecraft:porkchop":10,"minecraft:diorite":2,"aquamirae:esca":1,"minecraft:golden_chestplate":1,"irons_spellbooks:evocation_rune":1,"biomesoplenty:redwood_planks":23,"minecraft:arrow":7,"minecraft:rotten_flesh":20,"minecraft:cooked_cod":7,"artifacts:villager_hat":1,"minecraft:jungle_stairs":1,"minecraft:deepslate_bricks":1,"minecraft:hay_block":13,"minecraft:saddle":2,"sophisticatedbackpacks:copper_backpack":1,"biomesoplenty:redwood_sapling":24,"minecraft:mutton":9,"minecraft:iron_bars":7,"minecraft:snowball":60,"minecraft:white_wool":3,"minecraft:cobblestone":197,"minecraft:birch_log":80,"minecraft:feather":4,"minecraft:cooked_beef":4,"minecraft:andesite":10,"minecraft:salmon":2,"minecraft:leather":2,"minecraft:golden_leggings":1,"minecraft:potato":11,"minecraft:filled_map":3,"minecraft:packed_mud":1,"minecraft:mushroom_stew":2,"minecraft:flint":1,"minecraft:gunpowder":1,"minecraft:dirt":199,"minecraft:cooked_mutton":5,"irons_spellbooks:common_ink":1,"minecraft:bone":10,"minecraft:stone_bricks":4,"minecraft:kelp":2,"minecraft:bow":2,"minecraft:wheat_seeds":116,"aquamirae:wisteria_niveis":1,"minecraft:iron_ingot":1,"minecraft:stone_pickaxe":1,"minecraft:bamboo":9,"alexscaves:porous_coprolith":6,"minecraft:oak_planks":2,"minecraft:cooked_porkchop":5,"alexscaves:moth_dust":2,"minecraft:gravel":3,"minecraft:sand":32,"minecraft:jungle_planks":1,"minecraft:red_banner":1,"minecraft:white_bed":20,"minecraft:spruce_door":1,"minecraft:diamond":1,"minecraft:stone_axe":1,"minecraft:iron_helmet":1,"minecraft:granite":1,"minecraft:emerald":28,"minecraft:bread":5,"minecraft:rooted_dirt":1,"minecraft:black_wool":1,"minecraft:coal":70}},"DataVersion":3465}