{"stats":{"minecraft:crafted":{"minecraft:wooden_shovel":1,"minecraft:cooked_porkchop":3,"minecraft:crafting_table":9,"minecraft:stick":4,"biomesoplenty:redwood_planks":24,"minecraft:wooden_pickaxe":1,"minecraft:stone_pickaxe":2,"minecraft:wooden_axe":1,"minecraft:stone_sword":1,"minecraft:torch":16,"minecraft:stone_axe":1},"minecraft:broken":{"minecraft:stone_pickaxe":1},"minecraft:killed":{"minecraft:sheep":1,"minecraft:zombie":5,"minecraft:chicken":3,"minecraft:cow":1},"minecraft:picked_up":{"minecraft:raw_iron":6,"minecraft:stick":13,"minecraft:crafting_table":6,"minecraft:feather":4,"minecraft:chicken":3,"minecraft:andesite":4,"minecraft:leather":2,"minecraft:wooden_pickaxe":1,"minecraft:white_bed":1,"minecraft:iron_leggings":1,"minecraft:dirt":26,"minecraft:raw_copper":52,"biomesoplenty:redwood_planks":23,"minecraft:rotten_flesh":4,"minecraft:beef":1,"minecraft:granite":1,"biomesoplenty:redwood_sapling":24,"biomesoplenty:redwood_wood":173,"minecraft:mutton":1,"minecraft:coal":24,"minecraft:white_wool":1,"minecraft:cobblestone":117,"minecraft:egg":1},"minecraft:mined":{"minecraft:iron_ore":7,"minecraft:andesite":4,"treechop:chopped_log":1,"minecraft:crafting_table":7,"minecraft:granite":1,"minecraft:grass":2,"biomesoplenty:clover":2,"minecraft:grass_block":10,"minecraft:coal_ore":26,"minecraft:dirt":19,"minecraft:copper_ore":14,"minecraft:stone":130},"minecraft:dropped":{"minecraft:white_wool":1},"minecraft:used":{"minecraft:wooden_axe":10,"minecraft:stone_sword":35,"minecraft:stone_pickaxe":174,"minecraft:wooden_pickaxe":12,"minecraft:wooden_shovel":22,"minecraft:torch":16,"minecraft:stone_axe":5,"minecraft:cobblestone":11,"minecraft:crafting_table":15,"minecraft:cooked_porkchop":3,"minecraft:egg":1,"minecraft:iron_leggings":1},"minecraft:custom":{"minecraft:time_since_rest":47424,"minecraft:interact_with_furnace":7,"minecraft:sprint_one_cm":41899,"minecraft:damage_taken":260,"minecraft:walk_one_cm":188056,"minecraft:mob_kills":10,"minecraft:drop":1,"minecraft:damage_dealt":1737,"minecraft:interact_with_cartography_table":1,"minecraft:interact_with_crafting_table":11,"minecraft:fly_one_cm":77170,"minecraft:crouch_one_cm":938,"minecraft:play_time":47424,"minecraft:sneak_time":607,"minecraft:walk_under_water_one_cm":881,"minecraft:jump":716,"minecraft:leave_game":1,"minecraft:walk_on_water_one_cm":2848,"minecraft:time_since_death":47424,"minecraft:total_world_time":47424,"minecraft:fall_one_cm":18945}},"DataVersion":3465}