{"stats":{"minecraft:broken":{"minecraft:stone_pickaxe":1},"minecraft:killed":{"minecraft:pig":1,"minecraft:salmon":3,"minecraft:spider":2,"minecraft:creeper":1,"minecraft:sheep":2,"minecraft:skeleton":2,"minecraft:zombie":7,"minecraft:chicken":3,"irons_spellbooks:archevoker":1,"minecraft:enderman":1,"minecraft:cow":1},"minecraft:custom":{"minecraft:interact_with_furnace":20,"minecraft:mob_kills":24,"minecraft:interact_with_crafting_table":16,"minecraft:interact_with_cartography_table":1,"minecraft:open_barrel":6,"minecraft:leave_game":3,"minecraft:time_since_death":126904,"minecraft:sleep_in_bed":4,"minecraft:climb_one_cm":1326,"minecraft:time_since_rest":10535,"minecraft:sprint_one_cm":88511,"minecraft:damage_taken":1409,"minecraft:walk_one_cm":615280,"minecraft:drop":29,"minecraft:damage_dealt":4111,"minecraft:swim_one_cm":2102,"minecraft:fly_one_cm":156788,"minecraft:open_chest":5,"minecraft:crouch_one_cm":1946,"minecraft:play_time":126904,"minecraft:sneak_time":1145,"minecraft:walk_under_water_one_cm":5660,"minecraft:jump":1940,"minecraft:walk_on_water_one_cm":8228,"minecraft:total_world_time":126904,"minecraft:fall_one_cm":46086},"minecraft:picked_up":{"irons_spellbooks:scroll":1,"sophisticatedbackpacks:gold_backpack":2,"minecraft:charcoal":2,"minecraft:crafting_table":6,"minecraft:iron_chestplate":1,"minecraft:feather":4,"minecraft:chicken":3,"minecraft:salmon":2,"minecraft:andesite":10,"minecraft:leather":2,"minecraft:wooden_pickaxe":2,"minecraft:wither_rose":10,"minecraft:mushroom_stew":2,"minecraft:dirt":27,"minecraft:string":5,"minecraft:raw_copper":65,"minecraft:iron_leggings":1,"minecraft:bone":5,"minecraft:stone_bricks":1,"irons_spellbooks:arcane_essence":6,"minecraft:beef":1,"irons_spellbooks:epic_ink":1,"minecraft:written_book":1,"biomesoplenty:redwood_wood":181,"minecraft:iron_boots":1,"minecraft:egg":1,"minecraft:raw_iron":14,"minecraft:stick":13,"minecraft:cooked_porkchop":2,"minecraft:bowl":2,"sophisticatedbackpacks:backpack":1,"minecraft:porkchop":2,"minecraft:diorite":2,"minecraft:white_bed":6,"irons_spellbooks:evocation_rune":1,"biomesoplenty:redwood_planks":23,"minecraft:arrow":1,"minecraft:rotten_flesh":6,"minecraft:iron_helmet":1,"minecraft:granite":1,"biomesoplenty:redwood_sapling":24,"minecraft:mutton":2,"minecraft:coal":66,"minecraft:white_wool":1,"minecraft:cobblestone":128},"minecraft:mined":{"graveyard:tg_coarse_dirt":4,"minecraft:white_bed":4,"minecraft:soul_sand":3,"minecraft:spruce_door":1,"graveyard:tg_podzol":1,"minecraft:crafting_table":7,"minecraft:granite":1,"minecraft:grass_block":11,"minecraft:soul_soil":1,"minecraft:copper_ore":18,"graveyard:tg_grass_block":1,"minecraft:moss_block":1,"minecraft:diorite":2,"minecraft:iron_ore":14,"minecraft:andesite":4,"treechop:chopped_log":1,"minecraft:wither_rose":10,"minecraft:grass":9,"biomesoplenty:clover":3,"minecraft:coal_ore":68,"minecraft:dirt_path":1,"minecraft:iron_bars":3,"minecraft:dirt":19,"minecraft:cobweb":3,"minecraft:cracked_stone_bricks":1,"minecraft:stone_bricks":3,"minecraft:stone":139,"minecraft:fern":1},"minecraft:crafted":{"minecraft:cooked_beef":3,"minecraft:wooden_shovel":1,"minecraft:fishing_rod":1,"minecraft:cooked_porkchop":3,"minecraft:crafting_table":9,"biomesoplenty:redwood_planks":24,"minecraft:wooden_pickaxe":1,"minecraft:stone_axe":1,"minecraft:stick":8,"minecraft:stone_pickaxe":2,"minecraft:wooden_axe":1,"minecraft:stone_sword":1,"minecraft:torch":16},"minecraft:used":{"minecraft:stone_sword":113,"minecraft:stone_pickaxe":249,"minecraft:wooden_pickaxe":12,"minecraft:wooden_shovel":22,"minecraft:rotten_flesh":18,"minecraft:torch":16,"minecraft:crafting_table":15,"minecraft:mushroom_stew":2,"minecraft:white_bed":5,"minecraft:wooden_axe":10,"minecraft:iron_helmet":1,"minecraft:stone_axe":5,"minecraft:fishing_rod":20,"minecraft:cobblestone":62,"minecraft:written_book":1,"minecraft:cooked_porkchop":4,"minecraft:egg":1,"minecraft:cooked_beef":3,"minecraft:cobweb":3,"minecraft:iron_leggings":1},"minecraft:dropped":{"minecraft:raw_copper":3,"biomesoplenty:redwood_wood":8,"minecraft:bowl":4,"minecraft:iron_helmet":1,"minecraft:leather":21,"minecraft:granite":1,"sophisticatedbackpacks:gold_backpack":2,"minecraft:diorite":2,"minecraft:mutton":1,"minecraft:wooden_axe":1,"minecraft:charcoal":2,"minecraft:andesite":10,"minecraft:stone_bricks":1,"minecraft:wooden_pickaxe":2,"minecraft:string":5,"minecraft:fishing_rod":1,"minecraft:white_wool":1}},"DataVersion":3465}