{"stats":{"minecraft:crafted":{"minecraft:wooden_shovel":1,"minecraft:crafting_table":9,"minecraft:stick":4,"biomesoplenty:redwood_planks":24,"minecraft:wooden_pickaxe":1,"minecraft:stone_pickaxe":2,"minecraft:wooden_axe":1,"minecraft:stone_sword":1,"minecraft:stone_axe":1},"minecraft:killed":{"minecraft:sheep":1,"minecraft:zombie":1},"minecraft:picked_up":{"minecraft:stick":13,"minecraft:crafting_table":6,"minecraft:wooden_pickaxe":1,"minecraft:dirt":19,"biomesoplenty:redwood_planks":23,"minecraft:rotten_flesh":1,"biomesoplenty:redwood_sapling":24,"biomesoplenty:redwood_wood":173,"minecraft:mutton":1,"minecraft:white_wool":1,"minecraft:cobblestone":43},"minecraft:mined":{"treechop:chopped_log":1,"minecraft:crafting_table":7,"minecraft:grass":1,"minecraft:grass_block":5,"minecraft:dirt":14,"minecraft:stone":41},"minecraft:used":{"minecraft:wooden_axe":10,"minecraft:stone_sword":9,"minecraft:stone_pickaxe":31,"minecraft:wooden_pickaxe":12,"minecraft:wooden_shovel":17,"minecraft:crafting_table":15},"minecraft:custom":{"minecraft:time_since_rest":16540,"minecraft:sprint_one_cm":13164,"minecraft:damage_taken":45,"minecraft:walk_one_cm":38061,"minecraft:mob_kills":2,"minecraft:damage_dealt":399,"minecraft:interact_with_crafting_table":10,"minecraft:fly_one_cm":17591,"minecraft:crouch_one_cm":728,"minecraft:play_time":16540,"minecraft:sneak_time":523,"minecraft:jump":141,"minecraft:time_since_death":16540,"minecraft:total_world_time":16540,"minecraft:fall_one_cm":4207}},"DataVersion":3465}