{"stats":{"minecraft:crafted":{"minecraft:wooden_shovel":1,"minecraft:cooked_porkchop":3,"minecraft:crafting_table":9,"biomesoplenty:redwood_planks":24,"minecraft:wooden_pickaxe":1,"minecraft:stone_axe":1,"minecraft:stick":4,"minecraft:stone_pickaxe":2,"minecraft:wooden_axe":1,"minecraft:stone_sword":1,"minecraft:torch":16},"minecraft:broken":{"minecraft:stone_pickaxe":1},"minecraft:killed":{"minecraft:spider":1,"minecraft:creeper":1,"minecraft:sheep":1,"minecraft:skeleton":1,"minecraft:zombie":7,"minecraft:chicken":3,"minecraft:cow":1},"minecraft:picked_up":{"minecraft:crafting_table":6,"minecraft:iron_chestplate":1,"minecraft:feather":4,"minecraft:chicken":3,"minecraft:andesite":5,"minecraft:leather":2,"minecraft:wooden_pickaxe":1,"minecraft:mushroom_stew":2,"minecraft:dirt":26,"minecraft:raw_copper":65,"minecraft:iron_leggings":1,"minecraft:bone":3,"minecraft:beef":1,"biomesoplenty:redwood_wood":173,"minecraft:iron_boots":1,"minecraft:egg":1,"minecraft:stick":13,"minecraft:raw_iron":13,"minecraft:diorite":1,"minecraft:white_bed":1,"biomesoplenty:redwood_planks":23,"minecraft:arrow":1,"minecraft:rotten_flesh":6,"minecraft:iron_helmet":1,"minecraft:granite":1,"biomesoplenty:redwood_sapling":24,"minecraft:mutton":1,"minecraft:coal":24,"minecraft:white_wool":1,"minecraft:cobblestone":123},"minecraft:mined":{"minecraft:crafting_table":7,"minecraft:granite":1,"minecraft:grass_block":10,"minecraft:copper_ore":18,"minecraft:diorite":1,"minecraft:iron_ore":13,"minecraft:andesite":4,"treechop:chopped_log":1,"minecraft:grass":2,"biomesoplenty:clover":2,"minecraft:coal_ore":26,"minecraft:dirt":19,"minecraft:stone":135},"minecraft:dropped":{"minecraft:white_wool":1},"minecraft:used":{"minecraft:stone_sword":57,"minecraft:stone_pickaxe":191,"minecraft:wooden_pickaxe":12,"minecraft:wooden_shovel":22,"minecraft:torch":16,"minecraft:crafting_table":15,"minecraft:mushroom_stew":2,"minecraft:wooden_axe":10,"minecraft:iron_helmet":1,"minecraft:stone_axe":5,"minecraft:cobblestone":34,"minecraft:cooked_porkchop":3,"minecraft:egg":1,"minecraft:iron_leggings":1},"minecraft:custom":{"minecraft:interact_with_furnace":14,"minecraft:mob_kills":15,"minecraft:interact_with_crafting_table":11,"minecraft:interact_with_cartography_table":1,"minecraft:open_barrel":3,"minecraft:leave_game":1,"minecraft:time_since_death":59424,"minecraft:time_since_rest":59424,"minecraft:sprint_one_cm":46204,"minecraft:damage_taken":407,"minecraft:walk_one_cm":261854,"minecraft:drop":1,"minecraft:damage_dealt":2579,"minecraft:fly_one_cm":82832,"minecraft:open_chest":1,"minecraft:crouch_one_cm":1585,"minecraft:play_time":59424,"minecraft:sneak_time":981,"minecraft:walk_under_water_one_cm":881,"minecraft:jump":970,"minecraft:walk_on_water_one_cm":2848,"minecraft:total_world_time":59424,"minecraft:fall_one_cm":23220}},"DataVersion":3465}