{"stats":{"minecraft:crafted":{"minecraft:wooden_shovel":1,"minecraft:fishing_rod":1,"minecraft:cooked_porkchop":3,"minecraft:crafting_table":9,"biomesoplenty:redwood_planks":24,"minecraft:wooden_pickaxe":1,"minecraft:stone_axe":1,"minecraft:stick":8,"minecraft:stone_pickaxe":2,"minecraft:wooden_axe":1,"minecraft:stone_sword":1,"minecraft:torch":16},"minecraft:broken":{"minecraft:stone_pickaxe":1},"minecraft:killed":{"minecraft:salmon":3,"minecraft:spider":1,"minecraft:creeper":1,"minecraft:sheep":1,"minecraft:skeleton":1,"minecraft:zombie":7,"minecraft:chicken":3,"minecraft:enderman":1,"minecraft:cow":1},"minecraft:picked_up":{"minecraft:crafting_table":6,"minecraft:iron_chestplate":1,"minecraft:feather":4,"minecraft:chicken":3,"minecraft:salmon":2,"minecraft:andesite":10,"minecraft:leather":2,"minecraft:wooden_pickaxe":2,"minecraft:mushroom_stew":2,"minecraft:string":3,"minecraft:dirt":27,"minecraft:raw_copper":65,"minecraft:iron_leggings":1,"minecraft:bone":3,"minecraft:beef":1,"biomesoplenty:redwood_wood":181,"minecraft:iron_boots":1,"minecraft:egg":1,"minecraft:stick":13,"minecraft:raw_iron":14,"minecraft:diorite":2,"minecraft:white_bed":2,"biomesoplenty:redwood_planks":23,"minecraft:arrow":1,"minecraft:rotten_flesh":6,"minecraft:iron_helmet":1,"minecraft:granite":1,"biomesoplenty:redwood_sapling":24,"minecraft:mutton":1,"minecraft:coal":24,"minecraft:white_wool":1,"minecraft:cobblestone":123},"minecraft:mined":{"minecraft:white_bed":1,"minecraft:crafting_table":7,"minecraft:granite":1,"minecraft:grass_block":10,"minecraft:copper_ore":18,"graveyard:tg_grass_block":1,"minecraft:diorite":2,"minecraft:iron_ore":14,"minecraft:andesite":4,"treechop:chopped_log":1,"minecraft:grass":2,"biomesoplenty:clover":3,"minecraft:coal_ore":26,"minecraft:dirt":19,"minecraft:cobweb":3,"minecraft:stone":135,"minecraft:fern":1},"minecraft:dropped":{"minecraft:raw_copper":3,"biomesoplenty:redwood_wood":8,"minecraft:granite":1,"minecraft:diorite":2,"minecraft:andesite":5,"minecraft:wooden_pickaxe":2,"minecraft:white_wool":1},"minecraft:used":{"minecraft:stone_sword":68,"minecraft:stone_pickaxe":195,"minecraft:wooden_pickaxe":12,"minecraft:wooden_shovel":22,"minecraft:torch":16,"minecraft:crafting_table":15,"minecraft:mushroom_stew":2,"minecraft:white_bed":1,"minecraft:wooden_axe":10,"minecraft:iron_helmet":1,"minecraft:stone_axe":5,"minecraft:cobblestone":34,"minecraft:cooked_porkchop":3,"minecraft:egg":1,"minecraft:cobweb":3,"minecraft:iron_leggings":1},"minecraft:custom":{"minecraft:interact_with_furnace":16,"minecraft:mob_kills":19,"minecraft:interact_with_crafting_table":12,"minecraft:interact_with_cartography_table":1,"minecraft:open_barrel":6,"minecraft:leave_game":1,"minecraft:time_since_death":71424,"minecraft:sleep_in_bed":1,"minecraft:time_since_rest":2413,"minecraft:sprint_one_cm":55254,"minecraft:damage_taken":522,"minecraft:walk_one_cm":311933,"minecraft:drop":15,"minecraft:damage_dealt":2795,"minecraft:swim_one_cm":2102,"minecraft:fly_one_cm":103633,"minecraft:open_chest":1,"minecraft:crouch_one_cm":1585,"minecraft:play_time":71424,"minecraft:sneak_time":981,"minecraft:walk_under_water_one_cm":3168,"minecraft:jump":1198,"minecraft:walk_on_water_one_cm":4673,"minecraft:total_world_time":71424,"minecraft:fall_one_cm":30078}},"DataVersion":3465}