{"stats":{"minecraft:broken":{"minecraft:stone_sword":1,"minecraft:stone_pickaxe":2},"minecraft:killed":{"minecraft:vindicator":2,"minecraft:spider":2,"minecraft:skeleton":5,"minecraft:horse":1,"minecraft:chicken":3,"minecraft:drowned":2,"irons_spellbooks:archevoker":1,"minecraft:pig":1,"minecraft:salmon":3,"minecraft:creeper":1,"minecraft:sheep":2,"minecraft:pillager":5,"minecraft:zombie":7,"aquamirae:anglerfish":2,"minecraft:enderman":1,"minecraft:cow":2},"minecraft:custom":{"minecraft:mob_kills":40,"minecraft:interact_with_crafting_table":30,"minecraft:open_barrel":57,"minecraft:interact_with_campfire":2,"minecraft:eat_cake_slice":3,"minecraft:leave_game":4,"minecraft:time_since_death":31030,"minecraft:climb_one_cm":27255,"minecraft:sprint_one_cm":342865,"minecraft:walk_one_cm":1195972,"minecraft:damage_blocked_by_shield":180,"minecraft:drop":48,"minecraft:play_time":293786,"minecraft:deaths":1,"minecraft:sneak_time":3430,"minecraft:walk_under_water_one_cm":46655,"minecraft:boat_one_cm":345570,"minecraft:jump":5214,"minecraft:walk_on_water_one_cm":30556,"minecraft:total_world_time":293786,"minecraft:interact_with_furnace":30,"minecraft:traded_with_villager":1,"minecraft:interact_with_cartography_table":2,"minecraft:sleep_in_bed":15,"minecraft:time_since_rest":2853,"minecraft:damage_taken":4666,"minecraft:damage_dealt":8121,"minecraft:swim_one_cm":37228,"minecraft:fly_one_cm":672975,"minecraft:open_chest":70,"minecraft:crouch_one_cm":4155,"minecraft:interact_with_smoker":1,"minecraft:fall_one_cm":123176},"minecraft:picked_up":{"irons_spellbooks:scroll":1,"sophisticatedbackpacks:gold_backpack":2,"minecraft:charcoal":2,"minecraft:crafting_table":6,"minecraft:iron_chestplate":1,"minecraft:chicken":3,"minecraft:flower_pot":9,"minecraft:wooden_pickaxe":2,"minecraft:wither_rose":10,"minecraft:string":5,"minecraft:raw_copper":65,"minecraft:item_frame":1,"minecraft:armor_stand":2,"minecraft:iron_leggings":2,"minecraft:iron_shovel":1,"minecraft:cracked_stone_bricks":1,"irons_spellbooks:arcane_essence":6,"minecraft:spruce_planks":2,"minecraft:beef":1,"minecraft:player_head":4,"minecraft:written_book":1,"irons_spellbooks:epic_ink":1,"minecraft:iron_pickaxe":1,"minecraft:light_gray_wool":1,"biomesoplenty:redwood_wood":181,"minecraft:sugar_cane":1,"minecraft:spruce_trapdoor":1,"minecraft:egg":1,"minecraft:iron_boots":2,"minecraft:stick":14,"minecraft:raw_iron":14,"biomesoplenty:redwood_boat":13,"minecraft:bowl":2,"minecraft:spruce_fence":1,"sophisticatedbackpacks:backpack":1,"minecraft:porkchop":10,"minecraft:diorite":2,"aquamirae:esca":1,"minecraft:golden_chestplate":1,"irons_spellbooks:evocation_rune":1,"biomesoplenty:redwood_planks":23,"minecraft:arrow":3,"minecraft:rotten_flesh":17,"artifacts:villager_hat":1,"minecraft:jungle_stairs":1,"minecraft:hay_block":13,"sophisticatedbackpacks:copper_backpack":1,"minecraft:saddle":1,"biomesoplenty:redwood_sapling":24,"minecraft:mutton":9,"minecraft:snowball":60,"minecraft:iron_bars":7,"minecraft:white_wool":3,"minecraft:cobblestone":130,"minecraft:feather":4,"minecraft:cooked_beef":4,"minecraft:salmon":2,"minecraft:andesite":10,"minecraft:leather":2,"minecraft:golden_leggings":1,"minecraft:filled_map":2,"minecraft:mushroom_stew":2,"minecraft:flint":1,"minecraft:dirt":28,"minecraft:cooked_mutton":5,"minecraft:bone":10,"minecraft:stone_bricks":1,"minecraft:kelp":2,"minecraft:bow":2,"minecraft:wheat_seeds":63,"aquamirae:wisteria_niveis":1,"minecraft:iron_ingot":1,"minecraft:stone_pickaxe":1,"minecraft:bamboo":9,"minecraft:oak_planks":2,"minecraft:cooked_porkchop":5,"minecraft:gravel":3,"minecraft:jungle_planks":1,"minecraft:sand":32,"minecraft:white_bed":17,"minecraft:spruce_door":1,"minecraft:diamond":1,"minecraft:stone_axe":1,"minecraft:iron_helmet":1,"minecraft:granite":1,"minecraft:bread":5,"minecraft:emerald":28,"minecraft:black_wool":1,"minecraft:coal":66},"minecraft:crafted":{"minecraft:fishing_rod":1,"minecraft:flint_and_steel":1,"minecraft:stone_pickaxe":2,"minecraft:wheat":117,"sophisticatedbackpacks:iron_backpack":1,"minecraft:cooked_beef":3,"minecraft:wooden_shovel":1,"minecraft:cooked_porkchop":3,"minecraft:crafting_table":14,"biomesoplenty:redwood_planks":120,"minecraft:wooden_pickaxe":1,"minecraft:iron_sword":1,"irons_spellbooks:furled_map":1,"sophisticatedbackpacks:gold_backpack":1,"minecraft:campfire":1,"minecraft:stone_axe":1,"minecraft:bread":39,"minecraft:air":0,"biomesoplenty:redwood_boat":2,"minecraft:shield":1,"minecraft:stick":20,"minecraft:wooden_axe":1,"minecraft:stone_sword":1,"minecraft:gold_ingot":10,"minecraft:torch":16},"minecraft:mined":{"minecraft:spruce_planks":2,"graveyard:tg_coarse_dirt":4,"minecraft:white_bed":14,"minecraft:mossy_cobblestone":2,"gravestone:gravestone":1,"minecraft:spruce_trapdoor":1,"minecraft:granite":3,"minecraft:weathered_copper":1,"minecraft:grass_block":12,"minecraft:spruce_fence":1,"minecraft:jungle_planks":1,"minecraft:soul_soil":1,"minecraft:potted_bamboo":9,"minecraft:moss_block":2,"minecraft:hay_block":13,"minecraft:tall_seagrass":1,"minecraft:iron_ore":14,"minecraft:fire":15,"minecraft:andesite":4,"treechop:chopped_log":1,"minecraft:dirt_path":1,"minecraft:iron_bars":13,"minecraft:stone":139,"minecraft:soul_sand":3,"minecraft:kelp_plant":1,"minecraft:snow_block":21,"minecraft:spruce_door":2,"minecraft:powder_snow":31,"minecraft:crafting_table":7,"graveyard:tg_podzol":1,"minecraft:jungle_stairs":1,"graveyard:tg_grass_block":1,"minecraft:copper_ore":18,"minecraft:cobblestone":5,"minecraft:oak_planks":2,"minecraft:diorite":2,"aquamirae:wisteria_niveis":1,"minecraft:ice":9,"minecraft:birch_leaves":1,"minecraft:wither_rose":10,"minecraft:grass":9,"biomesoplenty:clover":3,"minecraft:coal_ore":68,"minecraft:gravel":5,"minecraft:sand":15,"minecraft:dirt":19,"minecraft:cobweb":5,"minecraft:cracked_stone_bricks":2,"minecraft:stone_bricks":3,"minecraft:iron_trapdoor":1,"minecraft:oak_leaves":2,"minecraft:fern":1},"minecraft:used":{"minecraft:stone_sword":129,"minecraft:iron_shovel":43,"minecraft:flint_and_steel":30,"biomesoplenty:redwood_planks":52,"minecraft:shield":4,"minecraft:iron_sword":96,"minecraft:wooden_shovel":22,"minecraft:rotten_flesh":52,"minecraft:torch":16,"minecraft:spyglass":3,"minecraft:wooden_axe":10,"biomesoplenty:redwood_wood":39,"minecraft:iron_helmet":1,"biomesoplenty:redwood_boat":14,"minecraft:written_book":2,"minecraft:egg":1,"minecraft:cooked_beef":7,"minecraft:iron_leggings":1,"minecraft:cooked_mutton":5,"minecraft:spruce_door":1,"minecraft:stone_pickaxe":280,"farmersdelight:golden_knife":6,"minecraft:wooden_pickaxe":12,"minecraft:sand":32,"minecraft:crafting_table":20,"minecraft:mushroom_stew":2,"minecraft:white_bed":15,"minecraft:campfire":1,"minecraft:bread":29,"minecraft:diamond_ore":1,"minecraft:stone_axe":5,"minecraft:fishing_rod":20,"minecraft:cobblestone":119,"minecraft:cooked_porkchop":7,"minecraft:porkchop":1,"minecraft:cobweb":3},"minecraft:dropped":{"biomesoplenty:redwood_wood":8,"minecraft:cooked_porkchop":1,"minecraft:iron_helmet":1,"minecraft:leather":21,"minecraft:granite":1,"minecraft:cracked_stone_bricks":1,"minecraft:emerald":1,"minecraft:stick":1,"minecraft:item_frame":1,"sophisticatedbackpacks:gold_backpack":2,"minecraft:diorite":2,"minecraft:mutton":1,"minecraft:wooden_axe":1,"minecraft:snowball":64,"minecraft:string":5,"minecraft:fishing_rod":1,"minecraft:white_wool":1,"minecraft:stone_axe":1,"minecraft:sugar_cane":1,"minecraft:player_head":3,"minecraft:raw_copper":3,"minecraft:bowl":4,"minecraft:raw_iron":7,"minecraft:rotten_flesh":1,"minecraft:white_bed":1,"minecraft:filled_map":2,"minecraft:charcoal":2,"minecraft:andesite":10,"minecraft:stone_bricks":1,"minecraft:bamboo":11,"minecraft:stone_pickaxe":1,"minecraft:wooden_pickaxe":2}},"DataVersion":3465}