{"stats":{"minecraft:broken":{"minecraft:stone_sword":1,"minecraft:stone_pickaxe":2},"minecraft:killed":{"minecraft:spider":2,"minecraft:skeleton":2,"minecraft:horse":1,"minecraft:chicken":3,"irons_spellbooks:archevoker":1,"minecraft:pig":1,"minecraft:salmon":3,"minecraft:creeper":1,"minecraft:sheep":2,"minecraft:pillager":3,"minecraft:zombie":7,"minecraft:enderman":1,"minecraft:cow":2},"minecraft:custom":{"minecraft:mob_kills":29,"minecraft:interact_with_crafting_table":21,"minecraft:open_barrel":17,"minecraft:interact_with_campfire":2,"minecraft:leave_game":4,"minecraft:time_since_death":185897,"minecraft:climb_one_cm":1646,"minecraft:sprint_one_cm":170954,"minecraft:walk_one_cm":808571,"minecraft:drop":33,"minecraft:play_time":185897,"minecraft:sneak_time":2120,"minecraft:walk_under_water_one_cm":30090,"minecraft:boat_one_cm":126714,"minecraft:jump":3126,"minecraft:walk_on_water_one_cm":20711,"minecraft:total_world_time":185897,"minecraft:interact_with_furnace":21,"minecraft:interact_with_cartography_table":1,"minecraft:sleep_in_bed":9,"minecraft:time_since_rest":13750,"minecraft:damage_taken":2546,"minecraft:damage_dealt":5516,"minecraft:swim_one_cm":29502,"minecraft:fly_one_cm":317479,"minecraft:open_chest":12,"minecraft:crouch_one_cm":3015,"minecraft:fall_one_cm":70336},"minecraft:picked_up":{"irons_spellbooks:scroll":1,"sophisticatedbackpacks:gold_backpack":2,"minecraft:charcoal":2,"minecraft:iron_chestplate":1,"minecraft:crafting_table":6,"minecraft:chicken":3,"minecraft:wooden_pickaxe":2,"minecraft:wither_rose":10,"minecraft:string":5,"minecraft:raw_copper":65,"minecraft:iron_leggings":1,"minecraft:iron_shovel":1,"irons_spellbooks:arcane_essence":6,"minecraft:beef":1,"minecraft:written_book":1,"irons_spellbooks:epic_ink":1,"biomesoplenty:redwood_wood":181,"minecraft:iron_boots":1,"minecraft:egg":1,"minecraft:stick":13,"minecraft:raw_iron":14,"biomesoplenty:redwood_boat":1,"minecraft:bowl":2,"minecraft:spruce_fence":1,"sophisticatedbackpacks:backpack":1,"minecraft:porkchop":10,"minecraft:diorite":2,"irons_spellbooks:evocation_rune":1,"biomesoplenty:redwood_planks":23,"minecraft:arrow":1,"minecraft:rotten_flesh":8,"minecraft:saddle":1,"biomesoplenty:redwood_sapling":24,"minecraft:mutton":2,"minecraft:white_wool":1,"minecraft:cobblestone":129,"minecraft:feather":4,"minecraft:cooked_beef":2,"minecraft:andesite":10,"minecraft:salmon":2,"minecraft:leather":2,"minecraft:mushroom_stew":2,"minecraft:flint":1,"minecraft:dirt":27,"minecraft:bone":7,"minecraft:stone_bricks":1,"minecraft:kelp":2,"minecraft:cooked_porkchop":5,"minecraft:gravel":3,"minecraft:sand":32,"minecraft:white_bed":11,"minecraft:diamond":1,"minecraft:stone_axe":1,"minecraft:iron_helmet":1,"minecraft:granite":1,"minecraft:emerald":1,"minecraft:coal":66},"minecraft:crafted":{"minecraft:fishing_rod":1,"minecraft:flint_and_steel":1,"minecraft:stone_pickaxe":2,"minecraft:cooked_beef":3,"minecraft:wooden_shovel":1,"minecraft:cooked_porkchop":3,"minecraft:crafting_table":11,"biomesoplenty:redwood_planks":48,"minecraft:wooden_pickaxe":1,"minecraft:iron_sword":1,"minecraft:campfire":1,"minecraft:stone_axe":1,"biomesoplenty:redwood_boat":1,"minecraft:stick":20,"minecraft:wooden_axe":1,"minecraft:stone_sword":1,"minecraft:torch":16},"minecraft:mined":{"minecraft:white_bed":8,"graveyard:tg_coarse_dirt":4,"minecraft:mossy_cobblestone":2,"minecraft:granite":3,"minecraft:spruce_fence":1,"minecraft:grass_block":11,"minecraft:soul_soil":1,"minecraft:moss_block":1,"minecraft:iron_ore":14,"minecraft:fire":3,"minecraft:andesite":4,"treechop:chopped_log":1,"minecraft:dirt_path":1,"minecraft:iron_bars":3,"minecraft:stone":139,"minecraft:soul_sand":3,"minecraft:kelp_plant":1,"minecraft:spruce_door":1,"minecraft:powder_snow":26,"minecraft:crafting_table":7,"graveyard:tg_podzol":1,"graveyard:tg_grass_block":1,"minecraft:copper_ore":18,"minecraft:cobblestone":1,"minecraft:diorite":2,"minecraft:birch_leaves":1,"minecraft:wither_rose":10,"minecraft:grass":9,"biomesoplenty:clover":3,"minecraft:coal_ore":68,"minecraft:gravel":4,"minecraft:dirt":19,"minecraft:sand":15,"minecraft:cobweb":3,"minecraft:cracked_stone_bricks":1,"minecraft:stone_bricks":3,"minecraft:fern":1},"minecraft:used":{"minecraft:stone_sword":129,"minecraft:iron_shovel":17,"minecraft:flint_and_steel":19,"biomesoplenty:redwood_planks":3,"minecraft:iron_sword":7,"minecraft:wooden_shovel":22,"minecraft:rotten_flesh":37,"minecraft:torch":16,"minecraft:wooden_axe":10,"biomesoplenty:redwood_wood":11,"minecraft:iron_helmet":1,"biomesoplenty:redwood_boat":2,"minecraft:written_book":1,"minecraft:egg":1,"minecraft:cooked_beef":5,"minecraft:iron_leggings":1,"minecraft:stone_pickaxe":261,"minecraft:wooden_pickaxe":12,"minecraft:sand":32,"minecraft:crafting_table":17,"minecraft:mushroom_stew":2,"minecraft:white_bed":9,"minecraft:campfire":1,"minecraft:bread":4,"minecraft:diamond_ore":1,"minecraft:stone_axe":5,"minecraft:fishing_rod":20,"minecraft:cobblestone":118,"minecraft:porkchop":1,"minecraft:cooked_porkchop":7,"minecraft:cobweb":3},"minecraft:dropped":{"biomesoplenty:redwood_wood":8,"minecraft:cooked_porkchop":1,"minecraft:iron_helmet":1,"minecraft:leather":21,"minecraft:granite":1,"sophisticatedbackpacks:gold_backpack":2,"minecraft:diorite":2,"minecraft:mutton":1,"minecraft:wooden_axe":1,"minecraft:string":5,"minecraft:fishing_rod":1,"minecraft:white_wool":1,"minecraft:stone_axe":1,"minecraft:raw_copper":3,"minecraft:bowl":4,"minecraft:rotten_flesh":1,"minecraft:white_bed":1,"minecraft:charcoal":2,"minecraft:andesite":10,"minecraft:stone_bricks":1,"minecraft:wooden_pickaxe":2}},"DataVersion":3465}