{"stats":{"minecraft:crafted":{"minecraft:wooden_shovel":1,"minecraft:crafting_table":9,"minecraft:stick":4,"biomesoplenty:redwood_planks":24,"minecraft:wooden_pickaxe":1,"minecraft:stone_pickaxe":2,"minecraft:wooden_axe":1,"minecraft:stone_sword":1,"minecraft:stone_axe":1},"minecraft:broken":{"minecraft:stone_pickaxe":1},"minecraft:killed":{"minecraft:sheep":1,"minecraft:zombie":2,"minecraft:chicken":3,"minecraft:cow":1},"minecraft:picked_up":{"minecraft:raw_iron":3,"minecraft:stick":13,"minecraft:crafting_table":6,"minecraft:feather":4,"minecraft:chicken":3,"minecraft:andesite":3,"minecraft:leather":2,"minecraft:wooden_pickaxe":1,"minecraft:white_bed":1,"minecraft:dirt":26,"minecraft:raw_copper":4,"biomesoplenty:redwood_planks":23,"minecraft:rotten_flesh":1,"minecraft:beef":1,"minecraft:granite":1,"biomesoplenty:redwood_sapling":24,"biomesoplenty:redwood_wood":173,"minecraft:mutton":1,"minecraft:coal":6,"minecraft:white_wool":1,"minecraft:cobblestone":110,"minecraft:egg":1},"minecraft:mined":{"minecraft:iron_ore":4,"minecraft:andesite":4,"treechop:chopped_log":1,"minecraft:crafting_table":7,"minecraft:granite":1,"minecraft:grass":2,"biomesoplenty:clover":2,"minecraft:grass_block":10,"minecraft:coal_ore":8,"minecraft:dirt":19,"minecraft:copper_ore":1,"minecraft:stone":127},"minecraft:dropped":{"minecraft:white_wool":1},"minecraft:used":{"minecraft:wooden_axe":10,"minecraft:stone_sword":20,"minecraft:stone_pickaxe":137,"minecraft:wooden_pickaxe":12,"minecraft:wooden_shovel":22,"minecraft:stone_axe":5,"minecraft:crafting_table":15,"minecraft:egg":1},"minecraft:custom":{"minecraft:time_since_rest":35424,"minecraft:sprint_one_cm":19493,"minecraft:damage_taken":210,"minecraft:walk_one_cm":148706,"minecraft:mob_kills":7,"minecraft:drop":1,"minecraft:damage_dealt":1112,"minecraft:interact_with_crafting_table":10,"minecraft:fly_one_cm":32532,"minecraft:crouch_one_cm":934,"minecraft:play_time":35424,"minecraft:sneak_time":579,"minecraft:jump":457,"minecraft:leave_game":1,"minecraft:time_since_death":35424,"minecraft:total_world_time":35424,"minecraft:fall_one_cm":11113}},"DataVersion":3465}