{"stats":{"minecraft:used":{"minecraft:iron_shovel":251,"farmersdelight:cabbage_seeds":5,"minecraft:polished_basalt":4,"minecraft:chest":4,"minecraft:shield":47,"minecraft:iron_sword":703,"minecraft:rotten_flesh":52,"minecraft:nether_bricks":1,"minecraft:carrot":21,"minecraft:packed_mud":1,"minecraft:iron_helmet":1,"minecraft:birch_trapdoor":65,"minecraft:bow":41,"minecraft:written_book":2,"minecraft:cooked_cod":3,"minecraft:beetroot_seeds":8,"minecraft:egg":1,"minecraft:potato":54,"minecraft:polished_blackstone_stairs":1,"minecraft:spruce_door":1,"minecraft:stone_pickaxe":280,"minecraft:wooden_pickaxe":12,"minecraft:sand":32,"minecraft:mushroom_stew":2,"cgm:bazooka":2,"minecraft:birch_fence":24,"minecraft:redstone_torch":1,"minecraft:black_terracotta":3,"minecraft:bread":67,"minecraft:red_terracotta":91,"minecraft:diamond_ore":1,"minecraft:diamond_sword":305,"minecraft:andesite":20,"minecraft:birch_log":1,"minecraft:cobweb":3,"minecraft:stone_sword":129,"minecraft:flint_and_steel":64,"biomesoplenty:redwood_planks":52,"vanillaplustools:stone_hammer":150,"minecraft:wooden_shovel":22,"minecraft:cooked_salmon":13,"minecraft:stone_hoe":265,"minecraft:torch":20,"minecraft:dirt":229,"minecraft:spyglass":52,"minecraft:granite":10,"minecraft:nether_brick_stairs":13,"minecraft:birch_door":4,"minecraft:wooden_axe":10,"biomesoplenty:redwood_wood":39,"minecraft:smooth_quartz":22,"biomesoplenty:redwood_boat":17,"minecraft:bamboo":48,"minecraft:cooked_beef":7,"minecraft:cobbled_deepslate":14,"minecraft:iron_leggings":1,"minecraft:wheat_seeds":223,"minecraft:cooked_mutton":5,"minecraft:water_bucket":11,"minecraft:birch_planks":30,"minecraft:baked_potato":150,"farmersdelight:golden_knife":11,"minecraft:birch_boat":12,"minecraft:deepslate_bricks":1,"farmersdelight:onion":3,"minecraft:crafting_table":21,"minecraft:white_bed":20,"minecraft:campfire":2,"minecraft:gray_terracotta":7,"minecraft:diamond_pickaxe":50,"minecraft:apple":5,"minecraft:iron_pickaxe":139,"alexscaves:porous_coprolith":6,"minecraft:stone_axe":46,"minecraft:fishing_rod":20,"minecraft:cobblestone":420,"minecraft:porkchop":1,"minecraft:cooked_porkchop":15,"minecraft:bucket":12,"minecraft:chainmail_leggings":1},"minecraft:killed_by":{"minecraft:wither_skeleton":2,"minecraft:player":3},"minecraft:mined":{"alexscaves:guanostone":4,"minecraft:spruce_planks":2,"graveyard:tg_coarse_dirt":4,"minecraft:white_bed":18,"minecraft:farmland":1,"minecraft:black_terracotta":48,"minecraft:obsidian":1,"minecraft:spruce_trapdoor":1,"minecraft:granite":20,"minecraft:grass_block":192,"minecraft:soul_soil":1,"minecraft:deepslate_bricks":1,"minecraft:spawner":6,"minecraft:tall_seagrass":1,"minecraft:iron_ore":14,"minecraft:fire":32,"minecraft:azure_bluet":11,"minecraft:nether_brick_stairs":12,"minecraft:dirt_path":3,"biomesoplenty:webbing":1,"minecraft:iron_bars":37,"minecraft:gray_terracotta":55,"minecraft:brown_mushroom":1,"minecraft:polished_blackstone_wall":2,"minecraft:cyan_terracotta":22,"minecraft:blackstone":1,"minecraft:kelp_plant":1,"minecraft:powder_snow":31,"minecraft:torch":2,"graveyard:tg_podzol":1,"minecraft:jungle_stairs":1,"alexscaves:peering_coprolith":3,"farmersdelight:cabbages":2,"minecraft:cobblestone":14,"minecraft:oak_planks":2,"minecraft:cyan_wool":1,"minecraft:birch_log":1,"minecraft:wheat":98,"aquamirae:wisteria_niveis":1,"minecraft:birch_trapdoor":19,"minecraft:wither_rose":10,"minecraft:stone_brick_stairs":1,"minecraft:grass":95,"biomesoplenty:clover":155,"minecraft:sand":15,"minecraft:dirt":84,"minecraft:smooth_quartz":22,"minecraft:oak_leaves":2,"minecraft:deepslate":379,"minecraft:tuff":65,"minecraft:mossy_cobblestone":5,"minecraft:candle":1,"minecraft:nether_brick_wall":4,"minecraft:nether_bricks":13,"gravestone:gravestone":10,"minecraft:dark_oak_fence":6,"minecraft:weathered_copper":1,"minecraft:spruce_fence":7,"minecraft:jungle_planks":1,"minecraft:potted_bamboo":9,"minecraft:moss_block":2,"minecraft:rooted_dirt":1,"minecraft:hay_block":13,"minecraft:packed_mud":1,"minecraft:polished_basalt":12,"minecraft:andesite":78,"treechop:chopped_log":3,"minecraft:bookshelf":2,"minecraft:bamboo":4,"biomesoplenty:spider_egg":2,"minecraft:stone":523,"minecraft:gray_concrete":2,"alexscaves:porous_coprolith":3,"minecraft:soul_sand":4,"minecraft:snow_block":21,"minecraft:spruce_door":2,"minecraft:crafting_table":7,"minecraft:andesite_slab":1,"minecraft:copper_ore":29,"graveyard:tg_grass_block":1,"biomesoplenty:huge_clover_petal":59,"minecraft:diorite":2,"minecraft:red_terracotta":139,"minecraft:coarse_dirt":1,"minecraft:polished_blackstone_stairs":4,"minecraft:ice":9,"minecraft:birch_leaves":2,"minecraft:red_wall_banner":1,"minecraft:coal_ore":68,"minecraft:gravel":6,"minecraft:cyan_carpet":1,"minecraft:cobweb":15,"minecraft:cracked_stone_bricks":4,"minecraft:polished_andesite":3,"minecraft:polished_blackstone":9,"minecraft:stone_bricks":54,"minecraft:iron_trapdoor":1,"minecraft:fern":1},"minecraft:custom":{"minecraft:interact_with_crafting_table":67,"minecraft:open_barrel":65,"minecraft:eat_cake_slice":3,"minecraft:leave_game":10,"minecraft:time_since_death":31509,"minecraft:sprint_one_cm":1068275,"minecraft:damage_blocked_by_shield":2535,"minecraft:drop":119,"minecraft:play_noteblock":1,"minecraft:play_time":679122,"minecraft:deaths":10,"minecraft:jump":11454,"minecraft:walk_on_water_one_cm":142327,"minecraft:interact_with_furnace":32,"minecraft:traded_with_villager":1,"minecraft:interact_with_cartography_table":2,"minecraft:sleep_in_bed":23,"minecraft:waystone_activated":4,"minecraft:damage_dealt":48797,"minecraft:player_kills":2,"minecraft:crouch_one_cm":15514,"minecraft:interact_with_smoker":1,"minecraft:inspect_dispenser":2,"minecraft:mob_kills":237,"minecraft:interact_with_campfire":33,"minecraft:damage_dealt_resisted":5428,"minecraft:climb_one_cm":36001,"minecraft:walk_one_cm":2561281,"minecraft:sneak_time":8624,"minecraft:walk_under_water_one_cm":135531,"minecraft:boat_one_cm":418664,"minecraft:total_world_time":679122,"minecraft:time_since_rest":31551,"minecraft:damage_taken":20045,"minecraft:swim_one_cm":118561,"minecraft:fly_one_cm":1839685,"minecraft:open_chest":187,"minecraft:fall_one_cm":251542},"minecraft:crafted":{"minecraft:birch_boat":1,"minecraft:diamond_helmet":1,"minecraft:chest":4,"minecraft:birch_door":6,"minecraft:stone_hoe":2,"minecraft:wooden_shovel":1,"minecraft:cooked_porkchop":3,"minecraft:crafting_table":15,"minecraft:wooden_pickaxe":1,"irons_spellbooks:furled_map":1,"minecraft:birch_planks":276,"minecraft:campfire":2,"biomesoplenty:redwood_boat":2,"minecraft:diamond_pickaxe":1,"minecraft:shield":1,"minecraft:birch_fence":24,"minecraft:stick":56,"minecraft:stone_sword":1,"minecraft:gold_ingot":10,"minecraft:fishing_rod":1,"minecraft:flint_and_steel":1,"minecraft:stone_pickaxe":2,"minecraft:wheat":117,"sophisticatedbackpacks:iron_backpack":1,"minecraft:cooked_beef":3,"biomesoplenty:redwood_planks":120,"minecraft:iron_sword":1,"sophisticatedbackpacks:gold_backpack":1,"minecraft:bucket":1,"minecraft:stone_axe":1,"minecraft:bread":68,"minecraft:air":0,"minecraft:wooden_axe":1,"minecraft:birch_trapdoor":46,"minecraft:torch":16,"minecraft:diamond_chestplate":1},"minecraft:killed":{"minecraft:cave_spider":20,"alexscaves:gloomoth":1,"graveyard:skeleton_creeper":1,"minecraft:spider":20,"minecraft:skeleton":11,"alexscaves:underzealot":2,"minecraft:chicken":3,"minecraft:illusioner":1,"irons_spellbooks:archevoker":1,"irons_spellbooks:summoned_skeleton":1,"minecraft:magma_cube":55,"minecraft:pig":1,"minecraft:salmon":3,"minecraft:creeper":2,"minecraft:sheep":2,"minecraft:pillager":7,"minecraft:zombie":12,"minecraft:blaze":12,"minecraft:cow":2,"alexscaves:corrodent":1,"irons_spellbooks:summoned_zombie":1,"minecraft:vindicator":2,"minecraft:slime":15,"minecraft:phantom":2,"minecraft:horse":1,"minecraft:drowned":2,"minecraft:ravager":1,"aquamirae:anglerfish":2,"minecraft:wither_skeleton":49,"minecraft:enderman":1},"minecraft:dropped":{"minecraft:brown_mushroom":2,"minecraft:glow_ink_sac":1,"minecraft:baked_potato":30,"minecraft:cooked_porkchop":2,"minecraft:leather":21,"minecraft:cracked_stone_bricks":1,"minecraft:item_frame":1,"sophisticatedbackpacks:gold_backpack":2,"minecraft:emerald":1,"minecraft:cyan_terracotta":5,"minecraft:gray_concrete":2,"minecraft:mutton":1,"minecraft:crimson_roots":2,"minecraft:snowball":64,"gravestone:obituary":3,"minecraft:bone_block":1,"minecraft:iron_pickaxe":1,"minecraft:fishing_rod":1,"minecraft:white_wool":1,"minecraft:bone":2,"minecraft:gravel":1,"minecraft:stone_axe":1,"minecraft:emerald_block":1,"minecraft:sugar_cane":1,"minecraft:cobbled_deepslate":341,"minecraft:birch_sapling":4,"minecraft:black_terracotta":15,"minecraft:rotten_flesh":1,"minecraft:azure_bluet":9,"minecraft:white_bed":1,"minecraft:charcoal":2,"minecraft:arrow":3,"minecraft:stone_brick_stairs":1,"biomesoplenty:redwood_wood":8,"cgm:mini_gun":1,"minecraft:iron_helmet":1,"minecraft:cobblestone":1,"cgm:missile":1,"minecraft:granite":1,"minecraft:polished_andesite":5,"minecraft:stick":1,"minecraft:diorite":2,"minecraft:wooden_axe":1,"minecraft:polished_basalt":3,"minecraft:string":7,"minecraft:player_head":3,"minecraft:blaze_rod":4,"minecraft:raw_copper":3,"minecraft:bowl":4,"minecraft:tuff":41,"minecraft:raw_iron":7,"minecraft:red_terracotta":3,"minecraft:filled_map":3,"minecraft:gray_terracotta":9,"minecraft:andesite":10,"cgm:bazooka":2,"minecraft:spider_eye":1,"minecraft:stone_bricks":1,"minecraft:bamboo":11,"minecraft:stone_pickaxe":1,"minecraft:wooden_pickaxe":2},"minecraft:picked_up":{"irons_spellbooks:scroll":2,"minecraft:iron_chestplate":1,"minecraft:wheat":88,"minecraft:nether_brick_fence":4,"minecraft:flower_pot":9,"minecraft:diamond_sword":3,"minecraft:wither_rose":10,"minecraft:stone_brick_stairs":2,"minecraft:golden_sword":1,"minecraft:string":50,"minecraft:raw_copper":97,"minecraft:cooked_salmon":13,"minecraft:iron_leggings":2,"minecraft:armor_stand":2,"irons_spellbooks:arcane_essence":6,"minecraft:cobbled_deepslate":357,"minecraft:spruce_planks":2,"minecraft:redstone_torch":1,"minecraft:written_book":1,"minecraft:smooth_quartz":24,"minecraft:iron_pickaxe":1,"biomesoplenty:redwood_wood":181,"minecraft:iron_boots":2,"farmersdelight:cabbage_seeds":2,"minecraft:stick":21,"minecraft:polished_blackstone_stairs":1,"biomesoplenty:redwood_boat":16,"minecraft:birch_trapdoor":19,"minecraft:torch":6,"minecraft:porkchop":10,"minecraft:diorite":2,"minecraft:golden_chestplate":1,"aquamirae:esca":1,"minecraft:rotten_flesh":23,"artifacts:villager_hat":1,"minecraft:polished_basalt":7,"minecraft:cyan_terracotta":17,"minecraft:netherite_chestplate":1,"minecraft:blaze_rod":8,"minecraft:iron_bars":49,"minecraft:snowball":60,"minecraft:cobblestone":507,"minecraft:birch_log":81,"minecraft:feather":4,"minecraft:cooked_beef":4,"minecraft:magma_cream":2,"minecraft:andesite":84,"minecraft:golden_leggings":1,"minecraft:potato":11,"minecraft:flint":1,"minecraft:tuff":41,"minecraft:gray_concrete":2,"minecraft:dirt":571,"minecraft:bone":54,"minecraft:gray_terracotta":16,"minecraft:bow":2,"minecraft:wheat_seeds":383,"aquamirae:wisteria_niveis":1,"minecraft:bamboo":57,"alexscaves:porous_coprolith":6,"minecraft:stone_hoe":1,"minecraft:oak_planks":2,"minecraft:black_terracotta":36,"minecraft:cooked_porkchop":6,"minecraft:jungle_planks":1,"minecraft:sand":32,"minecraft:nether_brick_stairs":13,"minecraft:red_terracotta":94,"minecraft:polished_andesite":5,"minecraft:diamond":17,"minecraft:granite":11,"minecraft:bread":5,"minecraft:emerald":28,"minecraft:chainmail_helmet":1,"minecraft:rooted_dirt":1,"minecraft:crimson_roots":2,"minecraft:diamond_pickaxe":1,"sophisticatedbackpacks:gold_backpack":4,"minecraft:charcoal":15,"minecraft:crafting_table":6,"minecraft:azure_bluet":16,"minecraft:chicken":3,"minecraft:brown_mushroom":2,"minecraft:wooden_pickaxe":2,"minecraft:chain":3,"minecraft:netherite_scrap":2,"minecraft:item_frame":1,"minecraft:iron_shovel":1,"minecraft:blackstone":1,"graveyard:corruption":1,"minecraft:cracked_stone_bricks":3,"minecraft:candle":3,"cgm:mini_gun":1,"minecraft:beef":1,"minecraft:cyan_wool":1,"minecraft:player_head":4,"irons_spellbooks:epic_ink":1,"minecraft:light_gray_wool":1,"cgm:bazooka":2,"minecraft:sugar_cane":1,"minecraft:birch_sapling":4,"minecraft:phantom_membrane":2,"minecraft:spruce_trapdoor":1,"minecraft:egg":1,"minecraft:raw_iron":14,"minecraft:bowl":2,"sophisticatedbackpacks:backpack":1,"minecraft:spruce_fence":9,"minecraft:netherite_pickaxe":1,"irons_spellbooks:evocation_rune":1,"biomesoplenty:redwood_planks":23,"minecraft:arrow":18,"minecraft:cooked_cod":11,"minecraft:jungle_stairs":1,"minecraft:nether_bricks":1,"minecraft:deepslate_bricks":1,"minecraft:hay_block":13,"minecraft:saddle":2,"sophisticatedbackpacks:copper_backpack":1,"biomesoplenty:redwood_sapling":24,"minecraft:mutton":9,"minecraft:bone_block":1,"minecraft:white_wool":3,"minecraft:glow_ink_sac":1,"minecraft:salmon":2,"minecraft:leather":2,"cgm:missile":1,"minecraft:filled_map":3,"minecraft:mushroom_stew":2,"minecraft:packed_mud":1,"minecraft:golden_boots":1,"minecraft:gunpowder":1,"minecraft:cooked_mutton":12,"irons_spellbooks:common_ink":1,"minecraft:stone_bricks":16,"minecraft:kelp":2,"minecraft:iron_ingot":1,"minecraft:stone_pickaxe":1,"minecraft:iron_sword":1,"slashblade:proudsoul_tiny":1,"alexscaves:moth_dust":2,"minecraft:birch_boat":12,"minecraft:gravel":4,"minecraft:red_banner":1,"minecraft:white_bed":21,"minecraft:spruce_door":1,"minecraft:spider_eye":17,"minecraft:slime_ball":14,"minecraft:stone_axe":1,"minecraft:chainmail_leggings":1,"minecraft:iron_helmet":1,"vanillaplustools:stone_hammer":3,"minecraft:baked_potato":192,"minecraft:black_wool":1,"minecraft:coal":87},"minecraft:broken":{"minecraft:iron_shovel":1,"minecraft:iron_boots":1,"minecraft:iron_chestplate":1,"minecraft:iron_leggings":1,"minecraft:stone_pickaxe":2,"minecraft:iron_sword":2,"minecraft:chainmail_leggings":1,"minecraft:stone_sword":1,"minecraft:flint_and_steel":1,"minecraft:stone_hoe":1,"minecraft:shield":1,"vanillaplustools:stone_hammer":1}},"DataVersion":3465}